,title,plays,duration,release_date,cover_url
,Psihedelia,13001756.0,3:46,2003-12-04,https://i.scdn.co/image/ab67616d0000b273724136a05d2062a661672ba4
,Se Periptosi Pou,12591763.0,3:59,2024-11-08,https://i.scdn.co/image/ab67616d0000b273343e5fe2e45a694fd8575f86
,Lekes,9260365.0,4:15,2023-11-10,https://i.scdn.co/image/ab67616d0000b273985d3288f7a0fc2669ef61a9
,Aima,9034389.0,3:29,2022-05-30,https://i.scdn.co/image/ab67616d0000b273dafcec9ea3e0a082230a81f2
,Eleni,6599601.0,4:56,1996-02-29,https://i.scdn.co/image/ab67616d0000b2732abb79908fe729496b83a191
,Eleni,6596365.0,4:56,1995-09-18,https://i.scdn.co/image/ab67616d0000b2739b1659f5770ea89cfad1f157
,Protimo,6351421.0,4:04,2012-12-31,https://i.scdn.co/image/ab67616d0000b273c5a969889ee87ce65ce30a24
,Einai Asteio,5902227.0,3:41,2023-07-10,https://i.scdn.co/image/ab67616d0000b27370fe9f99614c45aa5e98845a
,Sti Pira,5661057.0,3:07,2008-12-09,https://i.scdn.co/image/ab67616d0000b27393ae850db2b4228fe4977dab
,Kontra,4935299.0,3:52,2008-12-09,https://i.scdn.co/image/ab67616d0000b27393ae850db2b4228fe4977dab
,Ola Gia Ola,4916092.0,4:42,2025-04-04,https://i.scdn.co/image/ab67616d0000b273fe6b9e2d1c01cfd433154466
,Ise,4891443.0,4:21,2003-12-04,https://i.scdn.co/image/ab67616d0000b273724136a05d2062a661672ba4
,Eho Pethani Gia Sena,4278263.0,3:54,2003-12-04,https://i.scdn.co/image/ab67616d0000b273724136a05d2062a661672ba4
,Agapi Ipervoliki,4141804.0,4:50,2000-11-16,https://i.scdn.co/image/ab67616d0000b2732f038cc4ad078bf55ed8c2a5
,Gazoza,4016763.0,3:45,2022-12-12,https://i.scdn.co/image/ab67616d0000b273e62aef58bf21754351c07baa
,To Poli Poli,3961972.0,4:26,2000-11-16,https://i.scdn.co/image/ab67616d0000b2732f038cc4ad078bf55ed8c2a5
,Treno,3687896.0,4:49,2003-12-04,https://i.scdn.co/image/ab67616d0000b273724136a05d2062a661672ba4
,Kai Eho Tosa Na Thymamai - Hotel Ermou Live Version,3228897.0,2:43,2018-07-23,https://i.scdn.co/image/ab67616d0000b27358a2973daf4f31ec68e53ce9
,Atmosphera Ilectrismeni,2702542.0,5:14,2000-11-16,https://i.scdn.co/image/ab67616d0000b2732f038cc4ad078bf55ed8c2a5
,Sigharitiria,2599064.0,5:09,2002-10-03,https://i.scdn.co/image/ab67616d0000b273b6abec5528a11ae2450385c1
,Dodeka,2542898.0,5:22,1985-01-10,https://i.scdn.co/image/ab67616d0000b2735f20f2f63fe64bfe775da003
,Sandre,2450710.0,4:04,2025-06-27,https://i.scdn.co/image/ab67616d0000b2734eaa7d1f10cf5335d0ff8ceb
,Horis To Moro Mou,2397753.0,3:55,2000-11-16,https://i.scdn.co/image/ab67616d0000b2732f038cc4ad078bf55ed8c2a5
,Pes To Xana - Hotel Ermou Live Version,2373774.0,1:54,2018-07-23,https://i.scdn.co/image/ab67616d0000b27358a2973daf4f31ec68e53ce9
,Protimo '24,2352212.0,4:08,2024-03-12,https://i.scdn.co/image/ab67616d0000b2735732dcd068158156f5f237da
,Shizofrenia,2339469.0,4:05,2000-11-16,https://i.scdn.co/image/ab67616d0000b2732f038cc4ad078bf55ed8c2a5
,Xana Mana,2253576.0,4:53,2015-11-30,https://i.scdn.co/image/ab67616d0000b273b0f3e9716968614adad15b00
,Xrysopsara,2152305.0,3:54,2024-05-17,https://i.scdn.co/image/ab67616d0000b27325f421c6d59fc75c96b58108
,Psihedelia - Live Version,2152099.0,3:13,2005-01-27,https://i.scdn.co/image/ab67616d0000b2731f1ac446c500bab767932f58
,O Telefteos Horos,2139348.0,5:52,1991-07-05,https://i.scdn.co/image/ab67616d0000b273f3e327be7438dc36251320dc
,Empnefsi - Hotel Ermou Live Version,2085683.0,2:26,2018-07-23,https://i.scdn.co/image/ab67616d0000b27358a2973daf4f31ec68e53ce9
,Tyraniemai,2020765.0,4:00,2012-06-11,https://i.scdn.co/image/ab67616d0000b27320a5bdab0e7d4b31ec3d8fe6
,Emis,1882038.0,3:44,1992-05-28,https://i.scdn.co/image/ab67616d0000b2735c6925bf70a4960c8e124d86
,Den Thelo Na Xeris,1855012.0,5:19,1992-05-28,https://i.scdn.co/image/ab67616d0000b273ec8882aba54284ba0cf8e1fd
,Kaka Pedia,1823904.0,5:12,2000-11-16,https://i.scdn.co/image/ab67616d0000b2732f038cc4ad078bf55ed8c2a5
,"Se Thelo, Me Thelis (Mixed)",1795084.0,4:25,1997-04-16,https://i.scdn.co/image/ab67616d0000b2737e1785e00c2e1ce8aef7bb61
,Protereotita,1784407.0,4:15,2010-11-08,https://i.scdn.co/image/ab67616d0000b2734ac13d5da9b353fd4e6ab919
,Everything,1781018.0,2:60,2006-03-31,https://i.scdn.co/image/ab67616d0000b2739c457e147f0aa4c6c4cead88
,Pes To Ksana,1673299.0,3:51,2002-10-03,https://i.scdn.co/image/ab67616d0000b273b6abec5528a11ae2450385c1
,Moni Mou,1669521.0,3:54,2000-11-16,https://i.scdn.co/image/ab67616d0000b2732f038cc4ad078bf55ed8c2a5
,Sentonia,1666268.0,3:47,1996-02-29,https://i.scdn.co/image/ab67616d0000b2732abb79908fe729496b83a191
,Ke Eho Tosa Na Thimame,1608613.0,3:46,1984-03-14,https://i.scdn.co/image/ab67616d0000b273748dabd792ec65b630b3015e
,Ekpliksi,1548419.0,4:21,2002-10-03,https://i.scdn.co/image/ab67616d0000b273b6abec5528a11ae2450385c1
,Vaterlo,1507107.0,3:58,2003-12-04,https://i.scdn.co/image/ab67616d0000b273724136a05d2062a661672ba4
,Ki Omos Den Teleionei,1427964.0,4:06,2021-06-11,https://i.scdn.co/image/ab67616d0000b273c5cd7945d06063c34e380b01
,Ekatommiria,1420760.0,4:04,1996-02-29,https://i.scdn.co/image/ab67616d0000b2732abb79908fe729496b83a191
,Oso Eho Foni,1305271.0,2:22,1981-05-25,https://i.scdn.co/image/ab67616d0000b2730b0cc51415d4ad57f6c6c9d6
,Ksana,1298791.0,4:56,2023-06-26,https://i.scdn.co/image/ab67616d0000b27313381f57957f2c1c8cd65217
,Oso Eho Foni - Hotel Ermou Live Version,1284430.0,1:35,2018-07-23,https://i.scdn.co/image/ab67616d0000b27358a2973daf4f31ec68e53ce9
,Eisai - Hotel Ermou Live Version,1280590.0,2:04,2018-07-23,https://i.scdn.co/image/ab67616d0000b27358a2973daf4f31ec68e53ce9
,Na 'Se Kala,1274179.0,4:03,1997-04-16,https://i.scdn.co/image/ab67616d0000b273e69329448409b803d727719e
,Gia Sas Triadafilla,1270119.0,2:50,2004-01-01,https://i.scdn.co/image/ab67616d0000b2730b0cc51415d4ad57f6c6c9d6
,Adistrofi Metrisi,1219210.0,4:00,1984-03-14,https://i.scdn.co/image/ab67616d0000b2739af901b9d9530c01a829a585
,Kalitera I Dio Mas (with Kaiti Garbi),1141073.0,4:15,2000-11-16,https://i.scdn.co/image/ab67616d0000b2732f038cc4ad078bf55ed8c2a5
,Tasis Aftoktonias,1132791.0,4:11,2002-10-03,https://i.scdn.co/image/ab67616d0000b273b6abec5528a11ae2450385c1
,Sta Hronia Tis Ipomonis,1129940.0,2:55,1975-04-19,https://i.scdn.co/image/ab67616d0000b2730b0cc51415d4ad57f6c6c9d6
,Pragmata,1120518.0,4:37,1986-04-22,https://i.scdn.co/image/ab67616d0000b27365c697e7b6b91a77ace8b7b2
,Den Me Agapas,1093188.0,4:56,2000-11-16,https://i.scdn.co/image/ab67616d0000b2732f038cc4ad078bf55ed8c2a5
,Magiko Hali - Hotel Ermou Live Version,1013027.0,4:25,2018-07-23,https://i.scdn.co/image/ab67616d0000b27358a2973daf4f31ec68e53ce9
,Apo Makria Ke Agapimeni,994676.0,4:02,2008-12-09,https://i.scdn.co/image/ab67616d0000b27393ae850db2b4228fe4977dab
,Agapi Ypervoliki - Hotel Ermou Live Version,952525.0,1:35,2018-07-23,https://i.scdn.co/image/ab67616d0000b27358a2973daf4f31ec68e53ce9
,Apodeixeis - Hotel Ermou Live Version,869385.0,2:26,2018-07-23,https://i.scdn.co/image/ab67616d0000b27358a2973daf4f31ec68e53ce9
,Travma,819337.0,4:31,1997-04-16,https://i.scdn.co/image/ab67616d0000b273e69329448409b803d727719e
,Erotevmenaki,806807.0,3:23,1998-04-01,https://i.scdn.co/image/ab67616d0000b273ef7de8aeb8507a7c7990668f
,Agapi Ine Esi,784524.0,4:11,2010-11-01,https://i.scdn.co/image/ab67616d0000b2734ac13d5da9b353fd4e6ab919
,S' Eho Epithimisi,773679.0,3:44,1998-04-01,https://i.scdn.co/image/ab67616d0000b273ef7de8aeb8507a7c7990668f
,Ola Ta Lefta,755958.0,3:47,2000-11-16,https://i.scdn.co/image/ab67616d0000b2732f038cc4ad078bf55ed8c2a5
,Aftos Pou Perimeno,712689.0,2:29,1993-06-01,https://i.scdn.co/image/ab67616d0000b2730b0cc51415d4ad57f6c6c9d6
,Kalimera Kenourgia Mou Agapi,698938.0,3:10,1993-06-01,https://i.scdn.co/image/ab67616d0000b2730b0cc51415d4ad57f6c6c9d6
,Treno - Hotel Ermou Live Version,690890.0,2:29,2018-07-23,https://i.scdn.co/image/ab67616d0000b27358a2973daf4f31ec68e53ce9
,Agapi Einai Esy - Hotel Ermou Live Version,677749.0,0:37,2018-07-23,https://i.scdn.co/image/ab67616d0000b27358a2973daf4f31ec68e53ce9
,Fabulous,677400.0,2:59,2009-11-16,https://i.scdn.co/image/ab67616d0000b2733c1000a31c891246e049028f
,Agapi Ypervoliki - 2023 Version,669811.0,3:23,2022-12-23,https://i.scdn.co/image/ab67616d0000b27335075122c25f7c290f1a676c
,Pragmata - Hotel Ermou Live Version,654041.0,3:55,2018-07-23,https://i.scdn.co/image/ab67616d0000b27358a2973daf4f31ec68e53ce9
,Treno - Live Version,640890.0,5:30,2005-01-27,https://i.scdn.co/image/ab67616d0000b2731f1ac446c500bab767932f58
,Mavra Gialia,635845.0,4:29,1997-04-16,https://i.scdn.co/image/ab67616d0000b273e69329448409b803d727719e
,Agapoula Mou,635201.0,3:28,2000-11-16,https://i.scdn.co/image/ab67616d0000b2732f038cc4ad078bf55ed8c2a5
,Ola Ta Lefta - Hotel Ermou Live Lounge Version,624025.0,3:13,2018-07-23,https://i.scdn.co/image/ab67616d0000b27358a2973daf4f31ec68e53ce9
,Kravgi Hit Mix,621208.0,4:49,2000-11-16,https://i.scdn.co/image/ab67616d0000b2732f038cc4ad078bf55ed8c2a5
,Kalokairina Filia,558758.0,4:00,2017-05-08,https://i.scdn.co/image/ab67616d0000b273485738513921fd2174f63224
,Nylon,543031.0,4:57,2005-09-26,https://i.scdn.co/image/ab67616d0000b2737378ccb9d3a30519e6335e07
,Labo,541528.0,4:18,1992-12-24,https://i.scdn.co/image/ab67616d0000b273ec8882aba54284ba0cf8e1fd
,Gia Teleftea Fora,534251.0,4:41,2005-09-26,https://i.scdn.co/image/ab67616d0000b2737378ccb9d3a30519e6335e07
,Parte Ta Ola,521124.0,4:12,1996-02-29,https://i.scdn.co/image/ab67616d0000b2732abb79908fe729496b83a191
,Den S'Allazo,516144.0,2:21,1988-06-23,https://i.scdn.co/image/ab67616d0000b27335ea6e4b84aab9e468c0b007
,Apodixis,514604.0,2:46,1986-04-22,https://i.scdn.co/image/ab67616d0000b27365c697e7b6b91a77ace8b7b2
,Min Psahnis Tin Agapi,510415.0,4:58,2003-12-04,https://i.scdn.co/image/ab67616d0000b273724136a05d2062a661672ba4
,Trelenome,505082.0,3:55,1996-02-29,https://i.scdn.co/image/ab67616d0000b2732abb79908fe729496b83a191
,Agapi Ine,495914.0,4:08,2005-09-26,https://i.scdn.co/image/ab67616d0000b2737378ccb9d3a30519e6335e07
,Den Einai Psema,488031.0,4:11,2019-01-17,https://i.scdn.co/image/ab67616d0000b2738a5c3916e7aac5b71b4c72fe
,Ase Tous Erotes,482302.0,4:29,2015-11-30,https://i.scdn.co/image/ab67616d0000b273b0f3e9716968614adad15b00
,Antistrofi Metrisi - Hotel Ermou Live Version,466895.0,2:56,2018-07-23,https://i.scdn.co/image/ab67616d0000b27358a2973daf4f31ec68e53ce9
,Supernatural Love,463107.0,3:04,2000-06-13,https://i.scdn.co/image/ab67616d0000b27355c69d02a37edefde7c5a8ce
,Magiko Hali,462997.0,5:11,1988-06-23,https://i.scdn.co/image/ab67616d0000b27335ea6e4b84aab9e468c0b007
,Exairesi,457133.0,4:36,2025-11-21,https://i.scdn.co/image/ab67616d0000b2730b4693ef4d1f7a2f62a0e982
,Methysmeni Mou Kardia - Hotel Ermou Live Version,438290.0,2:39,2018-07-23,https://i.scdn.co/image/ab67616d0000b27358a2973daf4f31ec68e53ce9
,Kanenas,433943.0,4:24,2005-09-26,https://i.scdn.co/image/ab67616d0000b2737378ccb9d3a30519e6335e07
,Atmosfera Ilektrismeni - Live,423419.0,4:27,2021-02-15,https://i.scdn.co/image/ab67616d0000b273354a278f40042aca47e7db91
,Erotevmenaki - Live Version,418759.0,0:32,2005-01-27,https://i.scdn.co/image/ab67616d0000b2731f1ac446c500bab767932f58
,Kalimera Kenourgia Mou Agapi - Live Version,415892.0,0:32,1984-03-14,https://i.scdn.co/image/ab67616d0000b2731f1ac446c500bab767932f58
,Hronia Polla,411588.0,3:23,2002-10-03,https://i.scdn.co/image/ab67616d0000b273b6abec5528a11ae2450385c1
,Kalimera Kenourgia Mou Agapi - Mixed,411259.0,0:30,2005-11-09,https://i.scdn.co/image/ab67616d0000b27358a45a966c0c09b8b5371b8d
,To Apolyto Keno - Hotel Ermou Live Version,410047.0,4:24,2018-07-23,https://i.scdn.co/image/ab67616d0000b27358a2973daf4f31ec68e53ce9
,Alitissa Psihi,408835.0,4:31,2008-12-09,https://i.scdn.co/image/ab67616d0000b27393ae850db2b4228fe4977dab
,Metra,408042.0,5:17,1995-07-28,https://i.scdn.co/image/ab67616d0000b2734fa1298ad524b31f4e71487e
,Atmosfaira - Hotel Ermou Live Version,404463.0,2:58,2018-07-23,https://i.scdn.co/image/ab67616d0000b27358a2973daf4f31ec68e53ce9
,Ebnefsi,394825.0,3:22,1989-03-24,https://i.scdn.co/image/ab67616d0000b273feb9079b2827195dbd9c7994
,Iliotropia,391280.0,4:26,2019-05-27,https://i.scdn.co/image/ab67616d0000b273c59e9ae0aa1b2ef80e5aecbf
,Logia Kai Siopes - Hotel Ermou Live Version,391227.0,5:15,2018-07-23,https://i.scdn.co/image/ab67616d0000b27358a2973daf4f31ec68e53ce9
,Ena Sou Leo - Hotel Ermou Live Version,383434.0,4:03,2018-07-23,https://i.scdn.co/image/ab67616d0000b27358a2973daf4f31ec68e53ce9
,Kravgi - Hotel Ermou Live Version,380888.0,2:19,2018-07-23,https://i.scdn.co/image/ab67616d0000b27358a2973daf4f31ec68e53ce9
,Loulaki,379701.0,5:15,2021-03-19,https://i.scdn.co/image/ab67616d0000b273dce5b214a8d162020ae11bd0
,Apagorevmeno,379021.0,4:20,2008-12-09,https://i.scdn.co/image/ab67616d0000b27393ae850db2b4228fe4977dab
,Methismeni Politia,362418.0,3:36,1993-06-01,https://i.scdn.co/image/ab67616d0000b2730b0cc51415d4ad57f6c6c9d6
,Me Mia Signomi,362300.0,3:31,2003-12-04,https://i.scdn.co/image/ab67616d0000b273724136a05d2062a661672ba4
,Erotevmenaki - Hotel Ermou Live Acapella Version,357791.0,1:44,2018-07-23,https://i.scdn.co/image/ab67616d0000b27358a2973daf4f31ec68e53ce9
,To Megalitero Souxe,353830.0,3:12,1997-04-16,https://i.scdn.co/image/ab67616d0000b273e69329448409b803d727719e
,Osoi Agapane Den Pethainoune,346441.0,4:41,2019-06-03,https://i.scdn.co/image/ab67616d0000b273322de6a45665a7595525ef6c
,De Me Agapas - Hotel Ermou Live Version,342582.0,4:08,2018-07-23,https://i.scdn.co/image/ab67616d0000b27358a2973daf4f31ec68e53ce9
,Call Me - Original Version,340547.0,4:21,2007-07-30,https://i.scdn.co/image/ab67616d0000b273702da3d23eb8acdafa3222e6
,Klima Tropiko - Hotel Ermou Live Version,333504.0,3:60,2018-07-23,https://i.scdn.co/image/ab67616d0000b27358a2973daf4f31ec68e53ce9
,Apolito Keno,333344.0,5:01,1997-04-16,https://i.scdn.co/image/ab67616d0000b273e69329448409b803d727719e
,Schizofreneia - Hotel Ermou Live Version,331191.0,3:01,2018-07-23,https://i.scdn.co/image/ab67616d0000b27358a2973daf4f31ec68e53ce9
,Afti Ti Fora,329446.0,6:16,2000-11-16,https://i.scdn.co/image/ab67616d0000b2732f038cc4ad078bf55ed8c2a5
,Ekatommyria - Hotel Ermou Live Version,327129.0,1:35,2018-07-23,https://i.scdn.co/image/ab67616d0000b27358a2973daf4f31ec68e53ce9
,Oasi,322777.0,4:19,2010-12-24,https://i.scdn.co/image/ab67616d0000b273922b24b13893afa0017d0362
,S' Agapo M' Agapas - Live,320947.0,0:36,2021-02-15,https://i.scdn.co/image/ab67616d0000b273354a278f40042aca47e7db91
,Meta Apo Sena Esy,317834.0,4:52,2019-06-03,https://i.scdn.co/image/ab67616d0000b273322de6a45665a7595525ef6c
,Methismeni Mou Kardia,316186.0,3:52,1998-04-01,https://i.scdn.co/image/ab67616d0000b273ef7de8aeb8507a7c7990668f
,Paralio,314252.0,5:20,1996-02-29,https://i.scdn.co/image/ab67616d0000b2732abb79908fe729496b83a191
,Antidoto,313842.0,4:41,1998-04-01,https://i.scdn.co/image/ab67616d0000b273ef7de8aeb8507a7c7990668f
,Ta Mathitika Hronia,311739.0,6:52,1988-06-23,https://i.scdn.co/image/ab67616d0000b27335ea6e4b84aab9e468c0b007
,Paralyo - Hotel Ermou Live Version,310380.0,6:59,2018-07-23,https://i.scdn.co/image/ab67616d0000b27358a2973daf4f31ec68e53ce9
,Sta 'Dosa Ola - Live,309472.0,2:02,2021-02-15,https://i.scdn.co/image/ab67616d0000b273354a278f40042aca47e7db91
,Gia Teleftaia Fora - Hotel Ermou Live Acoustic Version,308363.0,2:34,2018-07-23,https://i.scdn.co/image/ab67616d0000b27358a2973daf4f31ec68e53ce9
,Ego Moro Mou,302265.0,3:54,2003-12-04,https://i.scdn.co/image/ab67616d0000b273724136a05d2062a661672ba4
,Re - Hotel Ermou Live Version,301613.0,3:55,2018-07-23,https://i.scdn.co/image/ab67616d0000b27358a2973daf4f31ec68e53ce9
,Tora - Hotel Ermou Live Version,301351.0,2:47,2018-07-23,https://i.scdn.co/image/ab67616d0000b27358a2973daf4f31ec68e53ce9
,Erota I Polemo (with Nikos Vourliotis),292135.0,4:17,2005-09-26,https://i.scdn.co/image/ab67616d0000b2737378ccb9d3a30519e6335e07
,Synentefxi - Hotel Ermou Live Version,291517.0,4:37,2018-07-23,https://i.scdn.co/image/ab67616d0000b27358a2973daf4f31ec68e53ce9
,Gazi,291167.0,5:08,1998-04-01,https://i.scdn.co/image/ab67616d0000b273ef7de8aeb8507a7c7990668f
,S' Agapo M' Agapas,289088.0,3:52,1996-02-29,https://i.scdn.co/image/ab67616d0000b2732abb79908fe729496b83a191
,Gia Ena Lepto,280530.0,4:02,2008-12-09,https://i.scdn.co/image/ab67616d0000b27393ae850db2b4228fe4977dab
,De Me Agapas - Live,280271.0,0:48,2021-02-15,https://i.scdn.co/image/ab67616d0000b273354a278f40042aca47e7db91
,Me Agapi Apo Mena Gia Sena,278435.0,2:30,1986-04-22,https://i.scdn.co/image/ab67616d0000b27365c697e7b6b91a77ace8b7b2
,Kaka Paidia - Hotel Ermou Live Version,274711.0,2:39,2018-07-23,https://i.scdn.co/image/ab67616d0000b27358a2973daf4f31ec68e53ce9
,Gia Sena - Hotel Ermou Live Version,272308.0,4:51,2018-07-23,https://i.scdn.co/image/ab67616d0000b27358a2973daf4f31ec68e53ce9
,Xana Mana - Hotel Ermou Live Version,271281.0,5:07,2018-07-23,https://i.scdn.co/image/ab67616d0000b27358a2973daf4f31ec68e53ce9
,Boom Boom Boom,269761.0,4:25,2019-01-17,https://i.scdn.co/image/ab67616d0000b273f697a1469bd64df980023aac
,Kalytera Moni - Hotel Ermou Live Version,268551.0,4:02,2018-07-23,https://i.scdn.co/image/ab67616d0000b27358a2973daf4f31ec68e53ce9
,Kaka Pedia - Live Version,267989.0,0:36,2005-01-27,https://i.scdn.co/image/ab67616d0000b2731f1ac446c500bab767932f58
,Siga!,266025.0,3:25,1997-04-16,https://i.scdn.co/image/ab67616d0000b273e69329448409b803d727719e
,Dodeka - Hotel Ermou Live Version,264856.0,7:04,2018-07-23,https://i.scdn.co/image/ab67616d0000b27358a2973daf4f31ec68e53ce9
,Pseftika,262659.0,4:08,1989-12-07,https://i.scdn.co/image/ab67616d0000b27359e2ae559dcda970e677d36e
,Oso Eho Foni - Live Version,261055.0,1:08,1984-03-14,https://i.scdn.co/image/ab67616d0000b2731f1ac446c500bab767932f58
,Kanenas - Hotel Ermou Live Version,258062.0,3:56,2018-07-23,https://i.scdn.co/image/ab67616d0000b27358a2973daf4f31ec68e53ce9
,Gia Sena,255387.0,5:04,2015-10-18,https://i.scdn.co/image/ab67616d0000b273e549d07abd68fe355f28d0c1
,Martirio,253540.0,5:38,2002-10-03,https://i.scdn.co/image/ab67616d0000b273b6abec5528a11ae2450385c1
,Vaterlo - Live Version,253170.0,4:03,2005-01-27,https://i.scdn.co/image/ab67616d0000b2731f1ac446c500bab767932f58
,Min Psachneis Tin Agapi - Hotel Ermou Live Version,250926.0,5:30,2018-07-23,https://i.scdn.co/image/ab67616d0000b27358a2973daf4f31ec68e53ce9
,San Kai Mena Kamia - Hotel Ermou Live Version,250163.0,3:06,2018-07-23,https://i.scdn.co/image/ab67616d0000b27358a2973daf4f31ec68e53ce9
,Fevgo - Extended Live Version,247207.0,2:07,2005-01-27,https://i.scdn.co/image/ab67616d0000b2731f1ac446c500bab767932f58
,Kalokeria Ke Himones - Live Version,239145.0,0:38,2005-01-27,https://i.scdn.co/image/ab67616d0000b2731f1ac446c500bab767932f58
,De Thelo Na Xereis - Hotel Ermou Live Version,238534.0,4:26,2018-07-23,https://i.scdn.co/image/ab67616d0000b27358a2973daf4f31ec68e53ce9
,Travma - Hotel Ermou Live Version,237300.0,4:55,2018-07-23,https://i.scdn.co/image/ab67616d0000b27358a2973daf4f31ec68e53ce9
,Kalimera Kainourgia Mou Agapi - Hotel Ermou Live Version,235696.0,0:54,2018-07-23,https://i.scdn.co/image/ab67616d0000b27358a2973daf4f31ec68e53ce9
,Ena Hrono To Perisotero,235513.0,5:05,1984-03-14,https://i.scdn.co/image/ab67616d0000b2739af901b9d9530c01a829a585
,Ena Sou Leo,233558.0,3:60,1991-02-07,https://i.scdn.co/image/ab67616d0000b27394e085b2ede4f62a20f60820
,Kalokairines Diakopes,232198.0,3:34,2025-08-01,https://i.scdn.co/image/ab67616d0000b273c271b6b6228b38da6663f521
,Re!,231543.0,5:07,1995-09-18,https://i.scdn.co/image/ab67616d0000b2739b1659f5770ea89cfad1f157
,Flegomenos Trohos,230335.0,5:42,2019-06-03,https://i.scdn.co/image/ab67616d0000b273322de6a45665a7595525ef6c
,Ta Mathitika Ta Chronia - Hotel Ermou Live Version,229269.0,3:07,2018-07-23,https://i.scdn.co/image/ab67616d0000b27358a2973daf4f31ec68e53ce9
,Eprepe - Hotel Ermou Live Version,220467.0,2:14,2018-07-23,https://i.scdn.co/image/ab67616d0000b27358a2973daf4f31ec68e53ce9
,Vre Kouto,219166.0,3:51,2019-01-17,https://i.scdn.co/image/ab67616d0000b273f697a1469bd64df980023aac
,Ke Ti Egine,219038.0,4:19,1996-02-29,https://i.scdn.co/image/ab67616d0000b2732abb79908fe729496b83a191
,Magava Tout (Thelo Esena),217692.0,4:36,1998-04-01,https://i.scdn.co/image/ab67616d0000b273ef7de8aeb8507a7c7990668f
,Mia Fora Monaha Ftani - Live Version,216708.0,0:33,2005-01-27,https://i.scdn.co/image/ab67616d0000b2731f1ac446c500bab767932f58
,Horis Dekara - Live Version,213372.0,0:31,2005-01-27,https://i.scdn.co/image/ab67616d0000b2731f1ac446c500bab767932f58
,Ntrepomai - Hotel Ermou Live Version,211268.0,2:30,2018-07-23,https://i.scdn.co/image/ab67616d0000b27358a2973daf4f31ec68e53ce9
,San Ke Mena Kamia,209189.0,2:42,1985-01-10,https://i.scdn.co/image/ab67616d0000b2735f20f2f63fe64bfe775da003
,Moni Mou - Hotel Ermou Live Version,208746.0,2:20,2018-07-23,https://i.scdn.co/image/ab67616d0000b27358a2973daf4f31ec68e53ce9
,Atmosfera Ilektrismeni - Live Version,208571.0,2:42,2005-01-27,https://i.scdn.co/image/ab67616d0000b2731f1ac446c500bab767932f58
,Epilogi Mou,205652.0,4:07,2000-11-16,https://i.scdn.co/image/ab67616d0000b2732f038cc4ad078bf55ed8c2a5
,Ti Na Thimitho Ti Na Xehaso - Live Version,205547.0,0:32,2005-01-27,https://i.scdn.co/image/ab67616d0000b2731f1ac446c500bab767932f58
,O Antras Tis Zois Mou,205472.0,3:27,2003-12-04,https://i.scdn.co/image/ab67616d0000b273724136a05d2062a661672ba4
,Kypseli - Hotel Ermou Live Version,201848.0,3:48,2018-07-23,https://i.scdn.co/image/ab67616d0000b27358a2973daf4f31ec68e53ce9
,Sigharitiria - Live Version,201604.0,2:31,2005-01-27,https://i.scdn.co/image/ab67616d0000b2731f1ac446c500bab767932f58
,Fevgo,201568.0,4:20,2003-12-04,https://i.scdn.co/image/ab67616d0000b273724136a05d2062a661672ba4
,Horis To Moro Mou / Waterloo - Hotel Ermou Live Medley Version,200713.0,3:48,2018-07-23,https://i.scdn.co/image/ab67616d0000b27358a2973daf4f31ec68e53ce9
,To Parelthon Mou,199472.0,3:34,2008-10-30,https://i.scdn.co/image/ab67616d0000b27374168e3722b9f3f3b6466c8c
,Vre Kouto (with Anna Vissi),198810.0,3:48,2002-11-12,https://i.scdn.co/image/ab67616d0000b273f83a49797c10cfa1efc653cb
,Me Mia Signomi - Live Version,198353.0,1:42,2005-01-27,https://i.scdn.co/image/ab67616d0000b2731f1ac446c500bab767932f58
,Sadismos,197425.0,5:22,2000-11-16,https://i.scdn.co/image/ab67616d0000b2732f038cc4ad078bf55ed8c2a5
,Akoma Mia,195202.0,4:51,1992-12-24,https://i.scdn.co/image/ab67616d0000b273ec8882aba54284ba0cf8e1fd
,Me Agapi Anna - Hotel Ermou Live Version,192789.0,2:57,2018-07-23,https://i.scdn.co/image/ab67616d0000b27358a2973daf4f31ec68e53ce9
,S Eho Epithymisei - Hotel Ermou Live Version,192663.0,1:44,2018-07-23,https://i.scdn.co/image/ab67616d0000b27358a2973daf4f31ec68e53ce9
,Ola Ta Lefta - Hotel Ermou Live Version,191119.0,1:11,2018-07-23,https://i.scdn.co/image/ab67616d0000b27358a2973daf4f31ec68e53ce9
,Na Sai Kala - Hotel Ermou Live Version,190032.0,2:59,2018-07-23,https://i.scdn.co/image/ab67616d0000b27358a2973daf4f31ec68e53ce9
,Mou Anikis,185648.0,4:18,1998-04-01,https://i.scdn.co/image/ab67616d0000b273ef7de8aeb8507a7c7990668f
,Mi Mou Pathis Tipota,185315.0,3:42,1984-03-14,https://i.scdn.co/image/ab67616d0000b2739af901b9d9530c01a829a585
,Se Skeftomai Syneheia - Hotel Ermou Live Version,184657.0,3:48,2018-07-23,https://i.scdn.co/image/ab67616d0000b27358a2973daf4f31ec68e53ce9
,Pragmata,182021.0,3:31,2014-06-10,https://i.scdn.co/image/ab67616d0000b273ec9126cabf490338255d00d6
,I Mousiki Tou Anemou - Hotel Ermou Live Instrumental Version,179743.0,4:01,2018-07-23,https://i.scdn.co/image/ab67616d0000b27358a2973daf4f31ec68e53ce9
,Magava Tout - Hotel Ermou Live Version,178158.0,5:26,2018-07-23,https://i.scdn.co/image/ab67616d0000b27358a2973daf4f31ec68e53ce9
,Antidoto - Hotel Ermou Live Version,177463.0,3:05,2018-07-23,https://i.scdn.co/image/ab67616d0000b27358a2973daf4f31ec68e53ce9
,O Telefteos Stathmos,176934.0,4:08,1998-04-01,https://i.scdn.co/image/ab67616d0000b273ef7de8aeb8507a7c7990668f
,Lathos Strofi,175974.0,4:21,2015-11-30,https://i.scdn.co/image/ab67616d0000b273b0f3e9716968614adad15b00
,Parte Ta Ola - Hotel Ermou Live Version,175490.0,1:08,2018-07-23,https://i.scdn.co/image/ab67616d0000b27358a2973daf4f31ec68e53ce9
,Agapoula Mou - Hotel Ermou Live Version,174627.0,2:07,2018-07-23,https://i.scdn.co/image/ab67616d0000b27358a2973daf4f31ec68e53ce9
,Ime Poli Kala,166694.0,5:31,1995-09-18,https://i.scdn.co/image/ab67616d0000b2739b1659f5770ea89cfad1f157
,Ntrepome,166452.0,3:48,1997-04-16,https://i.scdn.co/image/ab67616d0000b273e69329448409b803d727719e
,Mesa Mou - Acoustic Version,165800.0,3:53,2018-12-03,https://i.scdn.co/image/ab67616d0000b2734b05eba1e35937bff4887d34
,S' Agapo,165604.0,3:24,1993-06-01,https://i.scdn.co/image/ab67616d0000b273c176d9198d6a57350aab448a
,Kalytera Moni,162434.0,3:58,2015-11-30,https://i.scdn.co/image/ab67616d0000b273b0f3e9716968614adad15b00
,Pes To Xana - Live,161690.0,1:22,2021-02-15,https://i.scdn.co/image/ab67616d0000b273354a278f40042aca47e7db91
,Ise - Live Version,161435.0,4:46,2005-01-27,https://i.scdn.co/image/ab67616d0000b2731f1ac446c500bab767932f58
,Lampo - Hotel Ermou Live Version,159623.0,7:48,2018-07-23,https://i.scdn.co/image/ab67616d0000b27358a2973daf4f31ec68e53ce9
,Den Me Agapas - Live Version,159154.0,2:10,2005-01-27,https://i.scdn.co/image/ab67616d0000b2731f1ac446c500bab767932f58
,Xrysopsara - Display & Tony Fragment Remix,158711.0,3:35,2024-07-15,https://i.scdn.co/image/ab67616d0000b273c50c75953790a5c01c6a674a
,Eho Pethani Gia Sena - Live Version,157773.0,4:20,2005-01-27,https://i.scdn.co/image/ab67616d0000b2731f1ac446c500bab767932f58
,Eki,156531.0,4:44,1997-04-16,https://i.scdn.co/image/ab67616d0000b273e69329448409b803d727719e
,S' Agapo,156418.0,3:22,1974-03-27,https://i.scdn.co/image/ab67616d0000b27332aee4912a029329e9666684
,Protimo Na Pethaino,155689.0,4:12,2015-11-30,https://i.scdn.co/image/ab67616d0000b273b0f3e9716968614adad15b00
,Logia Ke Siopes,153642.0,5:14,2005-09-26,https://i.scdn.co/image/ab67616d0000b2737378ccb9d3a30519e6335e07
,Aaa Aaa (Ke Horisame),153343.0,3:01,2000-11-16,https://i.scdn.co/image/ab67616d0000b2732f038cc4ad078bf55ed8c2a5
,Parte Ta Ola - Live,153046.0,2:43,2021-02-15,https://i.scdn.co/image/ab67616d0000b273354a278f40042aca47e7db91
,Thivet,151611.0,5:56,2000-11-16,https://i.scdn.co/image/ab67616d0000b2732f038cc4ad078bf55ed8c2a5
,Sti Pira - La Bratsa - Mila Mou Vromika,146962.0,3:09,2010-07-12,https://i.scdn.co/image/ab67616d0000b273185811d0c3bb7828c9aee0c1
,Den Tha Iparxi Allo,145472.0,3:49,2010-12-24,https://i.scdn.co/image/ab67616d0000b273922b24b13893afa0017d0362
,Antistrofi Metrisi - Live,145353.0,3:33,2021-02-15,https://i.scdn.co/image/ab67616d0000b273354a278f40042aca47e7db91
,Horevo,143436.0,3:59,1996-02-29,https://i.scdn.co/image/ab67616d0000b2732abb79908fe729496b83a191
,Ena I Kanena - Radio Version,142832.0,5:15,2014-01-27,https://i.scdn.co/image/ab67616d0000b273e4ebd7f4efadac0ca40f19b5
,Eprepe,142000.0,3:35,1997-04-16,https://i.scdn.co/image/ab67616d0000b273e69329448409b803d727719e
,Demones Rock Opera - Part 16,140388.0,4:55,1991-03-14,https://i.scdn.co/image/ab67616d0000b273f3d11c93e52f0c2c0116d0a4
,Risko,139781.0,3:30,2008-12-09,https://i.scdn.co/image/ab67616d0000b27393ae850db2b4228fe4977dab
,Akoma Mia - Hotel Ermou Live Version,137091.0,1:49,2018-07-23,https://i.scdn.co/image/ab67616d0000b27358a2973daf4f31ec68e53ce9
,Fotia,136869.0,3:54,1989-12-07,https://i.scdn.co/image/ab67616d0000b27359e2ae559dcda970e677d36e
,Se Skeftome Sinehia,136748.0,3:46,1989-12-07,https://i.scdn.co/image/ab67616d0000b27359e2ae559dcda970e677d36e
,Agapi Ipervoliki - Live Version,135693.0,5:57,2005-01-27,https://i.scdn.co/image/ab67616d0000b2731f1ac446c500bab767932f58
,Methysmeni Politeia - Hotel Ermou Live Version,134799.0,3:02,2018-07-23,https://i.scdn.co/image/ab67616d0000b27358a2973daf4f31ec68e53ce9
,Paresthisis,131686.0,3:50,2003-12-04,https://i.scdn.co/image/ab67616d0000b273724136a05d2062a661672ba4
,Oso Eho Foni - The Revival Mix,129959.0,3:27,1997-11-07,https://i.scdn.co/image/ab67616d0000b27335c3c159825c6c895d064586
,Moro Mou - No Tomorrow - Hotel Ermou Live Version,129844.0,4:15,2018-07-23,https://i.scdn.co/image/ab67616d0000b27358a2973daf4f31ec68e53ce9
,Erotevmenaki - Hotel Ermou Live Version,129811.0,2:46,2018-07-23,https://i.scdn.co/image/ab67616d0000b27358a2973daf4f31ec68e53ce9
,Empnefsi,129618.0,3:32,2014-06-10,https://i.scdn.co/image/ab67616d0000b273ec9126cabf490338255d00d6
,Synentefxi,129458.0,5:04,2015-11-30,https://i.scdn.co/image/ab67616d0000b273b0f3e9716968614adad15b00
,Ego Moro Mou - Live Version,128654.0,2:51,2005-01-27,https://i.scdn.co/image/ab67616d0000b2731f1ac446c500bab767932f58
,Triplos Kafes,126959.0,3:11,2015-11-30,https://i.scdn.co/image/ab67616d0000b273b0f3e9716968614adad15b00
,Kardia Apo Petra,126271.0,4:14,2000-11-16,https://i.scdn.co/image/ab67616d0000b2732f038cc4ad078bf55ed8c2a5
,Mono I Agapi,125427.0,2:45,2006-01-01,https://i.scdn.co/image/ab67616d0000b27367ef15e7f2ee2b1e6253dea2
,Kipseli,124815.0,3:23,1988-06-23,https://i.scdn.co/image/ab67616d0000b27335ea6e4b84aab9e468c0b007
,Ola Ta Lefta - Live Version,123595.0,2:18,2005-01-27,https://i.scdn.co/image/ab67616d0000b2731f1ac446c500bab767932f58
,Protimo Na Pethaino - Themis G. Remix,122768.0,4:02,2016-11-28,https://i.scdn.co/image/ab67616d0000b273edac026a780e59437ca4f1ea
,Aima - Antonis Dimitriadis Remix,121525.0,2:60,2022-07-18,https://i.scdn.co/image/ab67616d0000b273891096483ec406d440b2b9ae
,Ipervoles,119419.0,3:53,1991-02-07,https://i.scdn.co/image/ab67616d0000b27394e085b2ede4f62a20f60820
,Erimi Poli,117929.0,4:20,2003-12-04,https://i.scdn.co/image/ab67616d0000b273724136a05d2062a661672ba4
,S' Eho Epithimisi - Live Version,117853.0,1:37,2005-01-27,https://i.scdn.co/image/ab67616d0000b2731f1ac446c500bab767932f58
,Na 'Se Kala - Live Version,116484.0,1:48,2005-01-27,https://i.scdn.co/image/ab67616d0000b2731f1ac446c500bab767932f58
,Se Chreiazomai - Hotel Ermou Live Version,114186.0,3:57,2018-07-23,https://i.scdn.co/image/ab67616d0000b27358a2973daf4f31ec68e53ce9
,Maura Gualia,113450.0,4:25,2025-01-01,https://i.scdn.co/image/ab67616d0000b27389b564940e7d0488251cf51e
,Oti Mou Zitisis,112234.0,5:59,1996-02-29,https://i.scdn.co/image/ab67616d0000b2732abb79908fe729496b83a191
,Apopse Lipis Apo 'Do,112144.0,4:25,2000-11-16,https://i.scdn.co/image/ab67616d0000b2732f038cc4ad078bf55ed8c2a5
,Oto Stop,109735.0,3:04,2004-01-01,https://i.scdn.co/image/ab67616d0000b27367ef15e7f2ee2b1e6253dea2
,Pragmata,109232.0,4:26,2025-01-01,https://i.scdn.co/image/ab67616d0000b27389b564940e7d0488251cf51e
,De S' Allazo - Live Version,107024.0,1:28,1984-03-14,https://i.scdn.co/image/ab67616d0000b2731f1ac446c500bab767932f58
,Ke Ti Egine - Live,106837.0,0:51,2005-01-27,https://i.scdn.co/image/ab67616d0000b2731f1ac446c500bab767932f58
,An S' Erotefto,106659.0,3:29,2008-12-09,https://i.scdn.co/image/ab67616d0000b27393ae850db2b4228fe4977dab
,Ebnefsi - Live,105121.0,2:27,1993-12-17,https://i.scdn.co/image/ab67616d0000b27312e44acc3e380f6fa9cd0446
,Apo Makria Ke Agapimeni - Remix by Alex Papaconstantinou,104552.0,2:11,2009-12-25,https://i.scdn.co/image/ab67616d0000b273aaeedd302f714fd041d6ce75
,Tora,104517.0,3:20,1988-06-23,https://i.scdn.co/image/ab67616d0000b27335ea6e4b84aab9e468c0b007
,Ola Ta Lefta - Live Version,103394.0,1:33,2005-01-27,https://i.scdn.co/image/ab67616d0000b2731f1ac446c500bab767932f58
,Horis To Moro Mou - Live Version,102925.0,1:45,2005-01-27,https://i.scdn.co/image/ab67616d0000b2731f1ac446c500bab767932f58
,Dodeka - Live,102924.0,2:35,1993-12-17,https://i.scdn.co/image/ab67616d0000b27312e44acc3e380f6fa9cd0446
,Ase Tous Erotes - Hotel Ermou Live Version,100110.0,3:34,2018-07-23,https://i.scdn.co/image/ab67616d0000b27358a2973daf4f31ec68e53ce9
,Sentonia - Live Version,99136.0,1:56,2005-01-27,https://i.scdn.co/image/ab67616d0000b2731f1ac446c500bab767932f58
,Monaxia,98784.0,5:10,2019-06-03,https://i.scdn.co/image/ab67616d0000b273322de6a45665a7595525ef6c
,Dodeka - Live Version,98783.0,2:44,1984-03-14,https://i.scdn.co/image/ab67616d0000b2731f1ac446c500bab767932f58
,Ora Na Fevgo - Hotel Ermou Live Version,97119.0,3:25,2018-07-23,https://i.scdn.co/image/ab67616d0000b27358a2973daf4f31ec68e53ce9
,Oso Exo Foni,95667.0,1:31,2025-01-01,https://i.scdn.co/image/ab67616d0000b27389b564940e7d0488251cf51e
,Paresthisis - Live Version,95593.0,2:58,2005-01-27,https://i.scdn.co/image/ab67616d0000b2731f1ac446c500bab767932f58
,Sta Chronia Tis Ypomonis - Hotel Ermou Live Version,95516.0,2:34,2018-07-23,https://i.scdn.co/image/ab67616d0000b27358a2973daf4f31ec68e53ce9
,Gi' Alla - Hotel Ermou Live Version,95413.0,2:60,2018-07-23,https://i.scdn.co/image/ab67616d0000b27358a2973daf4f31ec68e53ce9
,Ena Sou Leo Ena,94672.0,4:35,2025-01-01,https://i.scdn.co/image/ab67616d0000b27389b564940e7d0488251cf51e
,Na Ton Agapas,93690.0,4:43,1998-04-01,https://i.scdn.co/image/ab67616d0000b273ef7de8aeb8507a7c7990668f
,Paralio - Live Version,92075.0,3:37,2005-01-27,https://i.scdn.co/image/ab67616d0000b2731f1ac446c500bab767932f58
,Kravgi - Live Version,90048.0,5:58,2005-01-27,https://i.scdn.co/image/ab67616d0000b2731f1ac446c500bab767932f58
,I Synteleia Tou Kosmou,87260.0,4:38,2019-06-03,https://i.scdn.co/image/ab67616d0000b273322de6a45665a7595525ef6c
,O Antras Tis Zois Mou - Live Version,86664.0,1:17,2005-01-27,https://i.scdn.co/image/ab67616d0000b2731f1ac446c500bab767932f58
,Sta Evdominta Ennea,86261.0,2:34,2019-01-17,https://i.scdn.co/image/ab67616d0000b273f697a1469bd64df980023aac
,Erota Mou Apiste - Hotel Ermou Live Version,85727.0,3:10,2018-07-23,https://i.scdn.co/image/ab67616d0000b27358a2973daf4f31ec68e53ce9
,Gazi - Live Version,85712.0,2:06,2005-01-27,https://i.scdn.co/image/ab67616d0000b2731f1ac446c500bab767932f58
,Ekatommiria - Live Version,85624.0,1:39,2005-01-27,https://i.scdn.co/image/ab67616d0000b2731f1ac446c500bab767932f58
,Enarksi,85571.0,2:54,2025-01-01,https://i.scdn.co/image/ab67616d0000b27389b564940e7d0488251cf51e
,Methismeni Mou Kardia,84345.0,3:52,2025-01-01,https://i.scdn.co/image/ab67616d0000b27389b564940e7d0488251cf51e
,Kane Kati,84342.0,4:52,2008-12-09,https://i.scdn.co/image/ab67616d0000b27393ae850db2b4228fe4977dab
,X,83971.0,4:52,2002-10-03,https://i.scdn.co/image/ab67616d0000b273b6abec5528a11ae2450385c1
,Auti Ti Fora,83949.0,6:34,2025-01-01,https://i.scdn.co/image/ab67616d0000b27389b564940e7d0488251cf51e
,Kala Xristougenna,83931.0,3:43,2012-12-24,https://i.scdn.co/image/ab67616d0000b273d0d6630e1b3df2800997869a
,Ta Heirotera,83899.0,5:13,2019-06-03,https://i.scdn.co/image/ab67616d0000b273322de6a45665a7595525ef6c
,Istoria Mou - Live Version,83362.0,2:37,2005-01-27,https://i.scdn.co/image/ab67616d0000b2731f1ac446c500bab767932f58
,Den Apofasisa Ego,83049.0,4:19,2003-12-04,https://i.scdn.co/image/ab67616d0000b273724136a05d2062a661672ba4
,Girna,83040.0,3:13,2003-12-04,https://i.scdn.co/image/ab67616d0000b273724136a05d2062a661672ba4
,Horis Ta Psemata,82737.0,4:04,2015-11-30,https://i.scdn.co/image/ab67616d0000b273b0f3e9716968614adad15b00
,Ora Na Fevgo,81859.0,3:53,2012-03-12,https://i.scdn.co/image/ab67616d0000b273cdd3dc0f3a08affbb9f4b709
,Eimai To Simera Ki Eisai To Hthes,81531.0,3:38,1982-12-17,https://i.scdn.co/image/ab67616d0000b273d88d7bedbfbd881b07f3f89f
,Magiko Xali,81398.0,4:55,2025-01-01,https://i.scdn.co/image/ab67616d0000b27389b564940e7d0488251cf51e
,Paraxenes Ikones,80667.0,3:57,2003-12-04,https://i.scdn.co/image/ab67616d0000b273724136a05d2062a661672ba4
,Moni Mou - Live Version,80641.0,0:57,2005-01-27,https://i.scdn.co/image/ab67616d0000b2731f1ac446c500bab767932f58
,Travma - Live Version,78710.0,5:40,2005-01-27,https://i.scdn.co/image/ab67616d0000b2731f1ac446c500bab767932f58
,Tha Pio Apopse To Fegari - Live Version,78277.0,1:26,2005-01-27,https://i.scdn.co/image/ab67616d0000b2731f1ac446c500bab767932f58
,Esorouha - Live Version,78138.0,1:59,1984-03-14,https://i.scdn.co/image/ab67616d0000b2731f1ac446c500bab767932f58
,Den Thelo Na Xeris - Live Version,77803.0,1:53,2005-01-27,https://i.scdn.co/image/ab67616d0000b2731f1ac446c500bab767932f58
,Se Hlomo To Vlepo,77226.0,3:18,2003-12-04,https://i.scdn.co/image/ab67616d0000b273724136a05d2062a661672ba4
,Antidoto - Live Version,76974.0,0:54,2005-01-27,https://i.scdn.co/image/ab67616d0000b2731f1ac446c500bab767932f58
,Pente Hronia Dikasmenos,75825.0,5:25,2008-12-09,https://i.scdn.co/image/ab67616d0000b27393ae850db2b4228fe4977dab
,Agapa Me (Abrazame) - Live Version,75653.0,1:30,2005-01-27,https://i.scdn.co/image/ab67616d0000b2731f1ac446c500bab767932f58
,Intro - Hotel Ermou Live Instrumental Version,75407.0,2:35,2018-07-23,https://i.scdn.co/image/ab67616d0000b27358a2973daf4f31ec68e53ce9
,Ta Mathitika Hronia - Live,74940.0,2:25,1993-12-17,https://i.scdn.co/image/ab67616d0000b27312e44acc3e380f6fa9cd0446
,Ime Poli Kala - Dance Mix,74132.0,5:49,1995-09-18,https://i.scdn.co/image/ab67616d0000b2739b1659f5770ea89cfad1f157
,Ola Ine Entaxi,73455.0,5:00,2019-01-17,https://i.scdn.co/image/ab67616d0000b273f697a1469bd64df980023aac
,Nostalgia,72693.0,5:19,2000-11-16,https://i.scdn.co/image/ab67616d0000b2732f038cc4ad078bf55ed8c2a5
,To Katalaves?,72066.0,3:51,1997-04-16,https://i.scdn.co/image/ab67616d0000b273e69329448409b803d727719e
,Vaterlo - Live Version,71769.0,2:37,2005-01-27,https://i.scdn.co/image/ab67616d0000b2731f1ac446c500bab767932f58
,Dipsasa Stin Porta Sou,71709.0,4:04,1994-04-27,https://i.scdn.co/image/ab67616d0000b2730b0cc51415d4ad57f6c6c9d6
,S’ Agapo - Ax! Peristeri Mou,70864.0,3:38,2025-01-01,https://i.scdn.co/image/ab67616d0000b27389b564940e7d0488251cf51e
,I Tilirkotsia,70201.0,2:35,1995-07-20,https://i.scdn.co/image/ab67616d0000b2734d55039ddd94bdc5884066c7
,Oso Axizis Esi - Live Version,70065.0,1:22,2005-01-27,https://i.scdn.co/image/ab67616d0000b2731f1ac446c500bab767932f58
,Nihta Stasou - Live Version,69626.0,1:17,2005-01-27,https://i.scdn.co/image/ab67616d0000b2731f1ac446c500bab767932f58
,I Mousiki Tou Anemou,69478.0,4:60,2025-01-01,https://i.scdn.co/image/ab67616d0000b27389b564940e7d0488251cf51e
,Dipsasa Stin Porta Sou,69457.0,4:04,1974-03-27,https://i.scdn.co/image/ab67616d0000b27332aee4912a029329e9666684
,O Telefteos Horos - Live,68898.0,2:10,1993-12-17,https://i.scdn.co/image/ab67616d0000b27312e44acc3e380f6fa9cd0446
,Dipsasa Stin Porta Sou - Remastered 2005,68539.0,4:04,2005-03-10,https://i.scdn.co/image/ab67616d0000b27380e0809f63dddddefca778ff
,Thanatos Ine I Agapi,68463.0,4:49,1997-04-16,https://i.scdn.co/image/ab67616d0000b273e69329448409b803d727719e
,Prosefhi - Live Version,68321.0,1:38,2005-01-27,https://i.scdn.co/image/ab67616d0000b2731f1ac446c500bab767932f58
,Min Psahnis Tin Agapi - Live Version,67471.0,3:03,2005-01-27,https://i.scdn.co/image/ab67616d0000b2731f1ac446c500bab767932f58
,To Telefteo Tsigaro,66396.0,4:54,2000-11-16,https://i.scdn.co/image/ab67616d0000b2732f038cc4ad078bf55ed8c2a5
,Mov,66329.0,3:34,2003-12-04,https://i.scdn.co/image/ab67616d0000b273724136a05d2062a661672ba4
,San Ke Mena Kamia - Live Version,66160.0,1:21,1984-03-14,https://i.scdn.co/image/ab67616d0000b2731f1ac446c500bab767932f58
,Ta Radiofona,65768.0,4:11,2002-10-03,https://i.scdn.co/image/ab67616d0000b273b6abec5528a11ae2450385c1
,Afou,65745.0,4:47,2017-11-07,https://i.scdn.co/image/ab67616d0000b27366d4ff48ff0e9581568369a1
,Anakohi,65472.0,4:20,2008-12-09,https://i.scdn.co/image/ab67616d0000b27393ae850db2b4228fe4977dab
,Krima To Boi Sou - Live,64408.0,1:41,1993-12-17,https://i.scdn.co/image/ab67616d0000b27312e44acc3e380f6fa9cd0446
,Kalokerines Diakopes Gia Panta (Paleo Faliro) - Live Version,63976.0,1:57,1984-03-14,https://i.scdn.co/image/ab67616d0000b2731f1ac446c500bab767932f58
,Gia Ena Oneiro Zoume,63807.0,4:05,2025-01-01,https://i.scdn.co/image/ab67616d0000b27389b564940e7d0488251cf51e
,Methismeni Politia - Live Version,63565.0,2:03,1984-03-14,https://i.scdn.co/image/ab67616d0000b2731f1ac446c500bab767932f58
,Ise - Live Version,63551.0,1:01,1984-03-14,https://i.scdn.co/image/ab67616d0000b2731f1ac446c500bab767932f58
,Kopike I Grammi,62298.0,4:01,2000-11-16,https://i.scdn.co/image/ab67616d0000b2732f038cc4ad078bf55ed8c2a5
,Mes Tis Polis To Hamam (To Haremi Sto Hamam) - Live Version,61804.0,0:41,2005-01-27,https://i.scdn.co/image/ab67616d0000b2731f1ac446c500bab767932f58
,Paramithi Xehasmeno,61720.0,2:46,1975-04-08,https://i.scdn.co/image/ab67616d0000b273647e75c09a70d541dd9e98d8
,Ma Ti Leo - Live Version,61479.0,0:38,2005-01-27,https://i.scdn.co/image/ab67616d0000b2731f1ac446c500bab767932f58
,Oti Thes Ego,61086.0,3:08,1992-12-24,https://i.scdn.co/image/ab67616d0000b273ec8882aba54284ba0cf8e1fd
,Skepasto,60864.0,2:24,1986-04-22,https://i.scdn.co/image/ab67616d0000b27365c697e7b6b91a77ace8b7b2
,Pio Konta,60618.0,5:25,2008-12-09,https://i.scdn.co/image/ab67616d0000b27393ae850db2b4228fe4977dab
,Kitrino Galazio,60511.0,2:22,1993-06-01,https://i.scdn.co/image/ab67616d0000b2730b0cc51415d4ad57f6c6c9d6
,Methismeni Politia,60265.0,3:41,2025-01-01,https://i.scdn.co/image/ab67616d0000b27389b564940e7d0488251cf51e
,Mes Tis Polis To Hamam (To Haremi Sto Hamam) - Live Version,59931.0,0:55,2005-01-27,https://i.scdn.co/image/ab67616d0000b2731f1ac446c500bab767932f58
,Dromos,59669.0,4:48,1986-04-22,https://i.scdn.co/image/ab67616d0000b27365c697e7b6b91a77ace8b7b2
,Den Einai Psema - Extended Version,59074.0,4:38,2012-10-12,https://i.scdn.co/image/ab67616d0000b273e50a30a9049465416cd969b5
,Metallo,58794.0,3:49,2008-12-09,https://i.scdn.co/image/ab67616d0000b27393ae850db2b4228fe4977dab
,Fevgo - Live Version,58749.0,1:15,2005-01-27,https://i.scdn.co/image/ab67616d0000b2731f1ac446c500bab767932f58
,Dodeka,58660.0,6:51,2025-01-01,https://i.scdn.co/image/ab67616d0000b27389b564940e7d0488251cf51e
,Eroteumenaki / Agapi Einai,58621.0,5:47,2025-01-01,https://i.scdn.co/image/ab67616d0000b27389b564940e7d0488251cf51e
,Fos,58253.0,4:11,1991-02-07,https://i.scdn.co/image/ab67616d0000b27394e085b2ede4f62a20f60820
,Sta Evdomida Enea,58250.0,2:24,1984-03-14,https://i.scdn.co/image/ab67616d0000b273b803cf12dd13b1f481e40319
,Horista,58230.0,4:17,2015-11-30,https://i.scdn.co/image/ab67616d0000b273b0f3e9716968614adad15b00
,Ime,57749.0,4:28,1991-02-07,https://i.scdn.co/image/ab67616d0000b27394e085b2ede4f62a20f60820
,O Ponos Tis Agapis,57721.0,5:33,1998-04-01,https://i.scdn.co/image/ab67616d0000b273ef7de8aeb8507a7c7990668f
,Thelo Mia Agapi,57664.0,4:02,2008-12-09,https://i.scdn.co/image/ab67616d0000b27393ae850db2b4228fe4977dab
,Arketa,57437.0,2:54,1984-03-14,https://i.scdn.co/image/ab67616d0000b273fc2c1a8bfb8cb11a02ed8e4e
,Empneusi,56993.0,2:34,2025-01-01,https://i.scdn.co/image/ab67616d0000b27389b564940e7d0488251cf51e
,Ine Kati Stigmes,56984.0,2:43,1993-06-01,https://i.scdn.co/image/ab67616d0000b2730b0cc51415d4ad57f6c6c9d6
,Etsi Mono Axizi,56692.0,4:30,2010-11-08,https://i.scdn.co/image/ab67616d0000b2734ac13d5da9b353fd4e6ab919
,Ama Thes Na Klapsis Klapse - Live Version,56548.0,1:18,2005-01-27,https://i.scdn.co/image/ab67616d0000b2731f1ac446c500bab767932f58
,Demones,56479.0,4:01,2025-01-01,https://i.scdn.co/image/ab67616d0000b27389b564940e7d0488251cf51e
,To Xero Tha 'Rthis Xana (Woman In Love) - Remastered,56103.0,4:01,2006-03-25,https://i.scdn.co/image/ab67616d0000b273844c180f9a5b2bd52918735c
,To Xero Tha 'rthis Xana (Woman In Love),56103.0,3:60,1993-06-01,https://i.scdn.co/image/ab67616d0000b2730b0cc51415d4ad57f6c6c9d6
,File Mou - Live Version,56060.0,0:44,2005-01-27,https://i.scdn.co/image/ab67616d0000b2731f1ac446c500bab767932f58
,Oti Arhizi Oreo - Live Version,56042.0,0:36,2005-01-27,https://i.scdn.co/image/ab67616d0000b2731f1ac446c500bab767932f58
,Veranta,55835.0,5:26,2015-11-30,https://i.scdn.co/image/ab67616d0000b273b0f3e9716968614adad15b00
,Ego Moro Mou - Live Version,54451.0,0:41,2005-01-27,https://i.scdn.co/image/ab67616d0000b2731f1ac446c500bab767932f58
,Gi' Alla,53453.0,4:32,1998-04-01,https://i.scdn.co/image/ab67616d0000b273ef7de8aeb8507a7c7990668f
,Tromagmeno Mou,53325.0,3:11,2020-09-21,https://i.scdn.co/image/ab67616d0000b273e6ccd0e9247b96c74225deba
,Eleftheri Ptosi,52833.0,5:40,2019-06-03,https://i.scdn.co/image/ab67616d0000b273322de6a45665a7595525ef6c
,Allimono Allimono - Live Version,52816.0,0:55,2005-01-27,https://i.scdn.co/image/ab67616d0000b2731f1ac446c500bab767932f58
,Denome,52607.0,4:08,1998-04-01,https://i.scdn.co/image/ab67616d0000b273ef7de8aeb8507a7c7990668f
,Denome - Live Version,52537.0,0:52,2005-01-27,https://i.scdn.co/image/ab67616d0000b2731f1ac446c500bab767932f58
,Logia Kai Siopes,52388.0,5:02,2025-01-01,https://i.scdn.co/image/ab67616d0000b27389b564940e7d0488251cf51e
,Diladi,52197.0,4:11,2019-06-03,https://i.scdn.co/image/ab67616d0000b273322de6a45665a7595525ef6c
,Tifli Ebistosini,51980.0,4:39,2002-10-03,https://i.scdn.co/image/ab67616d0000b273b6abec5528a11ae2450385c1
,Re !,51962.0,4:47,2025-01-01,https://i.scdn.co/image/ab67616d0000b27389b564940e7d0488251cf51e
,Ki Omos Den Teleionei - Themis Georgantas & Mr. SPa Remix,51507.0,3:55,2021-08-02,https://i.scdn.co/image/ab67616d0000b2733b5a4d8b4336dae3dfbe3028
,Axize,51238.0,3:46,1992-05-28,https://i.scdn.co/image/ab67616d0000b2735c6925bf70a4960c8e124d86
,Tifli Ebistosini - Live Version,50847.0,0:46,2005-01-27,https://i.scdn.co/image/ab67616d0000b2731f1ac446c500bab767932f58
,To Giasemi,50797.0,4:04,2025-01-01,https://i.scdn.co/image/ab67616d0000b27389b564940e7d0488251cf51e
,Ta Koritsia Ine Atakta,50404.0,3:04,1988-06-23,https://i.scdn.co/image/ab67616d0000b27335ea6e4b84aab9e468c0b007
,I Kathimerinotita Mas,50316.0,4:25,2013-12-02,https://i.scdn.co/image/ab67616d0000b27300f0229910298a621ad24f69
,Epomeni Kinisi,50252.0,5:03,1986-04-22,https://i.scdn.co/image/ab67616d0000b27365c697e7b6b91a77ace8b7b2
,Everything I Am,50107.0,3:16,2000-06-13,https://i.scdn.co/image/ab67616d0000b27355c69d02a37edefde7c5a8ce
,Me Niazi,50106.0,4:38,1997-04-16,https://i.scdn.co/image/ab67616d0000b273e69329448409b803d727719e
,Den S'Allazo - Live,49973.0,1:34,1993-12-17,https://i.scdn.co/image/ab67616d0000b27312e44acc3e380f6fa9cd0446
,Oue Ki' Allimono,49864.0,3:46,1989-12-07,https://i.scdn.co/image/ab67616d0000b27359e2ae559dcda970e677d36e
,Tis Psyhis Ta Antisomata,49697.0,4:15,2015-11-30,https://i.scdn.co/image/ab67616d0000b273b0f3e9716968614adad15b00
,Tou Agoriou Apenadi - Live,49300.0,1:54,1993-12-17,https://i.scdn.co/image/ab67616d0000b27312e44acc3e380f6fa9cd0446
,Se Zilevo,49233.0,4:37,2002-10-03,https://i.scdn.co/image/ab67616d0000b273b6abec5528a11ae2450385c1
,Gia Teleutaia Fora,49126.0,6:04,2025-01-01,https://i.scdn.co/image/ab67616d0000b27389b564940e7d0488251cf51e
,To Apolyto Keno - 2015 Version,49046.0,4:38,2015-09-21,https://i.scdn.co/image/ab67616d0000b2737de876f2babcdc595a5ae0ed
,Ksana Mana,48965.0,5:04,2025-01-01,https://i.scdn.co/image/ab67616d0000b27389b564940e7d0488251cf51e
,Ahoristoi - Give In to Me,48860.0,3:17,2015-11-30,https://i.scdn.co/image/ab67616d0000b273b0f3e9716968614adad15b00
,De Thelo Na Ksereis,48766.0,5:41,2025-01-01,https://i.scdn.co/image/ab67616d0000b27389b564940e7d0488251cf51e
,Mi Mou Les,48520.0,4:01,2000-11-16,https://i.scdn.co/image/ab67616d0000b2732f038cc4ad078bf55ed8c2a5
,Siko Katse - Live Version,48190.0,0:41,2005-01-27,https://i.scdn.co/image/ab67616d0000b2731f1ac446c500bab767932f58
,Pes Mou Nai,47112.0,4:25,2019-06-03,https://i.scdn.co/image/ab67616d0000b273322de6a45665a7595525ef6c
,Pali Gia Sena,47107.0,4:11,1998-04-01,https://i.scdn.co/image/ab67616d0000b273ef7de8aeb8507a7c7990668f
,Balomataki,46740.0,2:60,1989-12-07,https://i.scdn.co/image/ab67616d0000b27359e2ae559dcda970e677d36e
,As Kanoume Apopse Mian Arhi,46634.0,3:47,1993-06-01,https://i.scdn.co/image/ab67616d0000b2730b0cc51415d4ad57f6c6c9d6
,Toumpa,46417.0,3:26,2015-11-30,https://i.scdn.co/image/ab67616d0000b273b0f3e9716968614adad15b00
,Xafnika,46386.0,4:27,2003-12-04,https://i.scdn.co/image/ab67616d0000b273724136a05d2062a661672ba4
,Otan Kanoume Erota,46309.0,4:16,1986-04-22,https://i.scdn.co/image/ab67616d0000b27365c697e7b6b91a77ace8b7b2
,Krivame Tin Agapi Mas,46228.0,3:10,2025-01-01,https://i.scdn.co/image/ab67616d0000b27389b564940e7d0488251cf51e
,Ise - Produigal Remix,46103.0,6:28,2003-12-04,https://i.scdn.co/image/ab67616d0000b273724136a05d2062a661672ba4
,Xanagirisa,45812.0,3:11,1989-12-07,https://i.scdn.co/image/ab67616d0000b27359e2ae559dcda970e677d36e
,Se Thimame,45086.0,3:43,1997-04-16,https://i.scdn.co/image/ab67616d0000b273e69329448409b803d727719e
,Thathela Kapoios Na M' Eroteftei,44744.0,4:54,2019-06-03,https://i.scdn.co/image/ab67616d0000b273322de6a45665a7595525ef6c
,Ta Lefta,44714.0,5:10,2019-06-03,https://i.scdn.co/image/ab67616d0000b273322de6a45665a7595525ef6c
,Eleni,44493.0,4:22,2025-01-01,https://i.scdn.co/image/ab67616d0000b27389b564940e7d0488251cf51e
,Mesa Mou - Dance Version,44488.0,4:03,2019-06-03,https://i.scdn.co/image/ab67616d0000b273322de6a45665a7595525ef6c
,O Dromos,44443.0,4:49,2025-01-01,https://i.scdn.co/image/ab67616d0000b27389b564940e7d0488251cf51e
,Me Halai,43634.0,3:12,1997-04-16,https://i.scdn.co/image/ab67616d0000b273e69329448409b803d727719e
,Mavri Vrohi,43396.0,5:13,2019-06-03,https://i.scdn.co/image/ab67616d0000b273322de6a45665a7595525ef6c
,Ta Mathitika Xronia,43085.0,6:17,2025-01-01,https://i.scdn.co/image/ab67616d0000b27389b564940e7d0488251cf51e
,Nea Filadelfia,42908.0,3:05,2003-12-04,https://i.scdn.co/image/ab67616d0000b273724136a05d2062a661672ba4
,Kinoumeni Ammos,42577.0,4:51,2005-09-26,https://i.scdn.co/image/ab67616d0000b2737378ccb9d3a30519e6335e07
,I Diadilosi,42485.0,5:58,2025-01-01,https://i.scdn.co/image/ab67616d0000b27389b564940e7d0488251cf51e
,Gia Ola Ftei O Theos,42050.0,4:40,2010-12-24,https://i.scdn.co/image/ab67616d0000b273922b24b13893afa0017d0362
,Min Psaxneis Tin Agapi,41422.0,5:38,2025-01-01,https://i.scdn.co/image/ab67616d0000b27389b564940e7d0488251cf51e
,Aftoshediasmos - Live Version,41165.0,2:57,2005-01-27,https://i.scdn.co/image/ab67616d0000b2731f1ac446c500bab767932f58
,Dihasmeno Kormi,41108.0,4:14,1996-02-29,https://i.scdn.co/image/ab67616d0000b2732abb79908fe729496b83a191
,Who Cares About Love,40631.0,3:05,2006-04-27,https://i.scdn.co/image/ab67616d0000b2735f53fb746df6aa43779c809e
,I Vraka,40330.0,3:45,1995-07-20,https://i.scdn.co/image/ab67616d0000b2734d55039ddd94bdc5884066c7
,Xehase Me (La Boheme),40138.0,3:06,2006-04-17,https://i.scdn.co/image/ab67616d0000b2738dd233fa8f22c30a04ff74f6
,Velos,39651.0,3:22,2003-12-04,https://i.scdn.co/image/ab67616d0000b273724136a05d2062a661672ba4
,Telios Erotas,39414.0,2:09,1989-12-07,https://i.scdn.co/image/ab67616d0000b27359e2ae559dcda970e677d36e
,Demones - Live,39334.0,3:43,1993-12-17,https://i.scdn.co/image/ab67616d0000b27312e44acc3e380f6fa9cd0446
,Moro Mou (No Tomorrow),39203.0,3:17,2000-06-13,https://i.scdn.co/image/ab67616d0000b27355c69d02a37edefde7c5a8ce
,Xronia Polla - Live,39201.0,2:30,2021-12-23,https://i.scdn.co/image/ab67616d0000b2736c83417ea148daf1ae5f7b0a
,Paralio,38834.0,7:43,2025-01-01,https://i.scdn.co/image/ab67616d0000b27389b564940e7d0488251cf51e
,Why Why,38819.0,4:38,1985-01-01,https://i.scdn.co/image/ab67616d0000b2739220f9893ae003ae8ab87bb3
,Why Why,38782.0,4:40,2019-01-17,https://i.scdn.co/image/ab67616d0000b273f697a1469bd64df980023aac
,Tha Borousa,38684.0,3:34,2006-04-17,https://i.scdn.co/image/ab67616d0000b2738dd233fa8f22c30a04ff74f6
,Sta Krifa,38585.0,4:48,2010-12-24,https://i.scdn.co/image/ab67616d0000b273922b24b13893afa0017d0362
,Fteo,38376.0,3:41,1992-05-28,https://i.scdn.co/image/ab67616d0000b2735c6925bf70a4960c8e124d86
,Venetia,38295.0,5:50,2005-09-26,https://i.scdn.co/image/ab67616d0000b2737378ccb9d3a30519e6335e07
,To Giasemi,38224.0,4:13,1995-07-20,https://i.scdn.co/image/ab67616d0000b2734d55039ddd94bdc5884066c7
,Pai Teliose,37735.0,4:24,2002-10-03,https://i.scdn.co/image/ab67616d0000b273b6abec5528a11ae2450385c1
,Tha Borousa,37236.0,3:41,1993-06-01,https://i.scdn.co/image/ab67616d0000b273ad9d12a29e4c0c699380c275
,Se Hriazome,36875.0,4:34,1992-12-24,https://i.scdn.co/image/ab67616d0000b273ec8882aba54284ba0cf8e1fd
,Distihima,36707.0,4:15,2005-09-26,https://i.scdn.co/image/ab67616d0000b2737378ccb9d3a30519e6335e07
,Pseftika - Live,36674.0,5:29,1993-12-17,https://i.scdn.co/image/ab67616d0000b27312e44acc3e380f6fa9cd0446
,Den Thelo Na Xeris - Live,36414.0,5:05,1993-12-17,https://i.scdn.co/image/ab67616d0000b27312e44acc3e380f6fa9cd0446
,Venetia,36001.0,5:02,2025-01-01,https://i.scdn.co/image/ab67616d0000b27389b564940e7d0488251cf51e
,Mono An Trelatho,35817.0,4:03,2011-12-19,https://i.scdn.co/image/ab67616d0000b27379d2fde4319b0ea768945966
,Apati,35484.0,3:04,2013-02-14,https://i.scdn.co/image/ab67616d0000b273a6ef3f9972d1fa7c798dc345
,Kaliteres Meres - Radio Edit,35466.0,4:12,2014-04-14,https://i.scdn.co/image/ab67616d0000b273ec9126cabf490338255d00d6
,Kapnizo - Remix,35465.0,5:24,2000-11-16,https://i.scdn.co/image/ab67616d0000b2732f038cc4ad078bf55ed8c2a5
,Lampo,34965.0,4:59,2025-01-01,https://i.scdn.co/image/ab67616d0000b27389b564940e7d0488251cf51e
,Agoni Grammi,34450.0,4:14,1996-02-29,https://i.scdn.co/image/ab67616d0000b2732abb79908fe729496b83a191
,Venzini,34290.0,3:59,2012-08-31,https://i.scdn.co/image/ab67616d0000b2732f591616a391a78c20657c7a
,Fos,34109.0,4:25,2025-01-01,https://i.scdn.co/image/ab67616d0000b27389b564940e7d0488251cf51e
,Vampir,33616.0,4:09,2010-12-24,https://i.scdn.co/image/ab67616d0000b273922b24b13893afa0017d0362
,S' Agapo Giati Is Orea - Live,33396.0,4:05,1993-12-17,https://i.scdn.co/image/ab67616d0000b27312e44acc3e380f6fa9cd0446
,Poso S' Agapo,33157.0,3:31,2004-01-01,https://i.scdn.co/image/ab67616d0000b2730b0cc51415d4ad57f6c6c9d6
,Adika,33082.0,4:10,1991-02-07,https://i.scdn.co/image/ab67616d0000b27394e085b2ede4f62a20f60820
,Stirixou Epano Mou,32797.0,4:48,2003-12-04,https://i.scdn.co/image/ab67616d0000b273724136a05d2062a661672ba4
,Umbrella,32545.0,4:27,2010-12-24,https://i.scdn.co/image/ab67616d0000b273922b24b13893afa0017d0362
,Aftos Pou Perimeno - Anna's Dream Mix,32304.0,4:24,1997-11-07,https://i.scdn.co/image/ab67616d0000b27335c3c159825c6c895d064586
,S' Agapo Telia Ke Pavla,31930.0,3:26,1986-04-22,https://i.scdn.co/image/ab67616d0000b27365c697e7b6b91a77ace8b7b2
,San To Do Kai To Si,31730.0,4:14,2010-12-24,https://i.scdn.co/image/ab67616d0000b273922b24b13893afa0017d0362
,Ligo Krasi Ligo Thalassa Ke T' Agori Mou,31530.0,2:56,2007-09-18,https://i.scdn.co/image/ab67616d0000b2739e31a8347d2213ec7f37a4bb
,Den Ime Monahi (Wherever You Are Going),31518.0,2:55,2004-01-01,https://i.scdn.co/image/ab67616d0000b2730b0cc51415d4ad57f6c6c9d6
,Ti Apomeni,31432.0,4:45,2003-12-04,https://i.scdn.co/image/ab67616d0000b273724136a05d2062a661672ba4
,Me Agapi Apo Emena / De S' Allazo,31341.0,7:55,2025-01-01,https://i.scdn.co/image/ab67616d0000b27389b564940e7d0488251cf51e
,Aftos Pou Perimeno - Disco In The House Mix,31292.0,2:27,1997-11-07,https://i.scdn.co/image/ab67616d0000b27335c3c159825c6c895d064586
,Amin,31094.0,4:25,1995-09-18,https://i.scdn.co/image/ab67616d0000b2739b1659f5770ea89cfad1f157
,Tilefonaki,31027.0,4:26,1998-04-01,https://i.scdn.co/image/ab67616d0000b273ef7de8aeb8507a7c7990668f
,On A Night Like This,30856.0,3:54,2000-06-13,https://i.scdn.co/image/ab67616d0000b27355c69d02a37edefde7c5a8ce
,Mia Agapi Fotia,30731.0,3:15,2025-01-01,https://i.scdn.co/image/ab67616d0000b27389b564940e7d0488251cf51e
,Na 'Mouna Sta Heria Sou Karavi,30302.0,2:15,1993-06-01,https://i.scdn.co/image/ab67616d0000b2730b0cc51415d4ad57f6c6c9d6
,Na 'Mouna Sta Heria Sou Karavi,30287.0,2:16,1980-04-01,https://i.scdn.co/image/ab67616d0000b273e8d377f49f51cfaf01a7a613
,Erota Mou Apiste,29999.0,3:55,2005-09-26,https://i.scdn.co/image/ab67616d0000b2737378ccb9d3a30519e6335e07
,Mia Agapi Fotia,29173.0,3:12,2002-04-26,https://i.scdn.co/image/ab67616d0000b273b8576e13c95219ae8e9a0a18
,Aipnies,28540.0,4:17,2002-10-03,https://i.scdn.co/image/ab67616d0000b273b6abec5528a11ae2450385c1
,Agapa Me,28367.0,2:18,1985-01-10,https://i.scdn.co/image/ab67616d0000b2735f20f2f63fe64bfe775da003
,Gia Tin Agapi Pes Mou,28276.0,2:27,1975-04-08,https://i.scdn.co/image/ab67616d0000b273647e75c09a70d541dd9e98d8
,H Mousiki Tou Anemou,27988.0,4:31,2002-04-26,https://i.scdn.co/image/ab67616d0000b273b8576e13c95219ae8e9a0a18
,Sta '79,27958.0,3:04,2025-01-01,https://i.scdn.co/image/ab67616d0000b27389b564940e7d0488251cf51e
,Lie - Radio Mix,27662.0,4:09,2007-07-30,https://i.scdn.co/image/ab67616d0000b273702da3d23eb8acdafa3222e6
,Mia Nihta To Poli,27622.0,4:40,2012-04-16,https://i.scdn.co/image/ab67616d0000b273f6da831a73af591886d47d5d
,Efimerides,26787.0,4:16,1989-03-24,https://i.scdn.co/image/ab67616d0000b273feb9079b2827195dbd9c7994
,Lambo - Live,26766.0,4:46,1993-12-17,https://i.scdn.co/image/ab67616d0000b27312e44acc3e380f6fa9cd0446
,Pragmata - Live,26673.0,2:12,1993-12-17,https://i.scdn.co/image/ab67616d0000b27312e44acc3e380f6fa9cd0446
,Ta Kalitera Mas Hronia,25990.0,4:57,2005-09-26,https://i.scdn.co/image/ab67616d0000b2737378ccb9d3a30519e6335e07
,Houla Houp,25128.0,3:46,1989-03-24,https://i.scdn.co/image/ab67616d0000b273feb9079b2827195dbd9c7994
,Se Posa Tablo,24853.0,3:03,1986-04-22,https://i.scdn.co/image/ab67616d0000b27365c697e7b6b91a77ace8b7b2
,Den Thelo Na Xeris - Live,24773.0,6:50,1993-12-17,https://i.scdn.co/image/ab67616d0000b27312e44acc3e380f6fa9cd0446
,London,24255.0,4:49,1989-03-24,https://i.scdn.co/image/ab67616d0000b273feb9079b2827195dbd9c7994
,Ma Itan Psemmata (Un Po Di Piu),24126.0,4:12,2006-04-17,https://i.scdn.co/image/ab67616d0000b2738dd233fa8f22c30a04ff74f6
,Ma Itan Psemata (Un Po Di Piu),24126.0,4:12,2004-01-01,https://i.scdn.co/image/ab67616d0000b2730b0cc51415d4ad57f6c6c9d6
,Tifli Ebistosini - Remix,23977.0,4:27,2003-06-13,https://i.scdn.co/image/ab67616d0000b273ef61b19303f50a0f77b8fcf7
,Is It Safe,23736.0,3:49,2007-07-30,https://i.scdn.co/image/ab67616d0000b2738a5c3916e7aac5b71b4c72fe
,Gia Sena Tha Pethano,23356.0,4:34,2005-09-26,https://i.scdn.co/image/ab67616d0000b2737378ccb9d3a30519e6335e07
,Krivame Tin Agapi Mas,23134.0,2:44,1975-10-01,https://i.scdn.co/image/ab67616d0000b2730b0cc51415d4ad57f6c6c9d6
,Pos Ta Ferni Etsi I Zoi,22681.0,3:47,2003-12-04,https://i.scdn.co/image/ab67616d0000b273724136a05d2062a661672ba4
,Apo Makria Kai Agapimeni - Mixed,22001.0,1:16,2010-06-15,https://i.scdn.co/image/ab67616d0000b273b3ffc0c8b82fcc7e8be90432
,Ipopsies,21693.0,2:50,1991-02-07,https://i.scdn.co/image/ab67616d0000b27394e085b2ede4f62a20f60820
,Agapise Me,21147.0,2:45,1980-04-01,https://i.scdn.co/image/ab67616d0000b2730b0cc51415d4ad57f6c6c9d6
,Mono To Sex Den Ftani,20814.0,3:39,1988-06-23,https://i.scdn.co/image/ab67616d0000b27335ea6e4b84aab9e468c0b007
,Aima - Radio Edit,20688.0,3:22,2022-07-25,https://i.scdn.co/image/ab67616d0000b2731366eb3439e7e5a7dc43fed6
,Adistrofi Metrisi - Live,20650.0,2:12,1993-12-17,https://i.scdn.co/image/ab67616d0000b27312e44acc3e380f6fa9cd0446
,Giati Gelas Ke Pezis,20590.0,2:22,1975-10-01,https://i.scdn.co/image/ab67616d0000b273c9a6d6884f8c1511e4500ecb
,Giati Gelas,20590.0,2:21,2004-01-01,https://i.scdn.co/image/ab67616d0000b2730b0cc51415d4ad57f6c6c9d6
,Everything - Valentino & Christodoulos Siganos Remix,20518.0,4:26,2006-03-31,https://i.scdn.co/image/ab67616d0000b2739c457e147f0aa4c6c4cead88
,Paragrafos 62,20060.0,4:40,1995-09-18,https://i.scdn.co/image/ab67616d0000b2739b1659f5770ea89cfad1f157
,Ne,19754.0,3:36,1992-05-28,https://i.scdn.co/image/ab67616d0000b2735c6925bf70a4960c8e124d86
,Horis Esena Ego Den Kano,19510.0,3:01,2006-04-17,https://i.scdn.co/image/ab67616d0000b2738dd233fa8f22c30a04ff74f6
,Treno - Mixed,19412.0,2:11,2005-11-09,https://i.scdn.co/image/ab67616d0000b27358a45a966c0c09b8b5371b8d
,Triada Ke Vale,19353.0,5:17,1995-09-18,https://i.scdn.co/image/ab67616d0000b2739b1659f5770ea89cfad1f157
,Lie - Alex Papaconstantinou Club Edit,19185.0,3:39,2005-09-26,https://i.scdn.co/image/ab67616d0000b2737378ccb9d3a30519e6335e07
,Kick The Habit,19115.0,4:44,2000-06-13,https://i.scdn.co/image/ab67616d0000b27355c69d02a37edefde7c5a8ce
,Anna,19061.0,3:07,2025-01-01,https://i.scdn.co/image/ab67616d0000b27389b564940e7d0488251cf51e
,Aima - Extended Mix,19028.0,3:54,2022-07-25,https://i.scdn.co/image/ab67616d0000b2731366eb3439e7e5a7dc43fed6
,Proti Fora,18860.0,2:45,1982-12-17,https://i.scdn.co/image/ab67616d0000b273d88d7bedbfbd881b07f3f89f
,Eho Tosi Agapi,18803.0,4:05,2005-09-26,https://i.scdn.co/image/ab67616d0000b2737378ccb9d3a30519e6335e07
,Mi Vazis Mavro,18774.0,2:47,1975-05-22,https://i.scdn.co/image/ab67616d0000b2730b0cc51415d4ad57f6c6c9d6
,Akoma Mia - Live,18770.0,3:17,1993-12-17,https://i.scdn.co/image/ab67616d0000b27312e44acc3e380f6fa9cd0446
,Stalia Stalia - Live,18578.0,2:41,1993-12-17,https://i.scdn.co/image/ab67616d0000b27312e44acc3e380f6fa9cd0446
,Efta Tragoudia Tha Sou Po - Live,18571.0,1:26,1993-12-17,https://i.scdn.co/image/ab67616d0000b27312e44acc3e380f6fa9cd0446
,Still In Love With You,18504.0,3:51,2000-06-13,https://i.scdn.co/image/ab67616d0000b27355c69d02a37edefde7c5a8ce
,Zoi Na Ehoume,18309.0,2:59,1984-03-14,https://i.scdn.co/image/ab67616d0000b273748dabd792ec65b630b3015e
,Vres Ton Tropo,17887.0,3:37,2002-02-04,https://i.scdn.co/image/ab67616d0000b2730b0cc51415d4ad57f6c6c9d6
,Gi' Afto Sou Leo Mi,17757.0,2:22,1993-06-01,https://i.scdn.co/image/ab67616d0000b273c176d9198d6a57350aab448a
,S' Agapo - Live,17702.0,1:42,1993-12-17,https://i.scdn.co/image/ab67616d0000b27312e44acc3e380f6fa9cd0446
,Me Agapi Apo Mena Gia Sena - Live,17173.0,1:34,1993-12-17,https://i.scdn.co/image/ab67616d0000b27312e44acc3e380f6fa9cd0446
,Ti Eho Na Haso,17145.0,3:53,1985-01-10,https://i.scdn.co/image/ab67616d0000b2735f20f2f63fe64bfe775da003
,1988 Ki Akoma S'Agapo,17142.0,5:23,1988-06-23,https://i.scdn.co/image/ab67616d0000b27335ea6e4b84aab9e468c0b007
,Aima - Radio Edit,17084.0,3:45,2022-07-25,https://i.scdn.co/image/ab67616d0000b2731c5a73fce8260da1c5f19366
,Ta Matia Ta Dika Mou,16911.0,2:60,2004-01-01,https://i.scdn.co/image/ab67616d0000b2730b0cc51415d4ad57f6c6c9d6
,Kapnizo,16847.0,5:35,1989-12-07,https://i.scdn.co/image/ab67616d0000b27359e2ae559dcda970e677d36e
,Ise Oti Pio Agapimeno Eho,16779.0,3:21,1992-12-24,https://i.scdn.co/image/ab67616d0000b273ec8882aba54284ba0cf8e1fd
,Ellada,16734.0,3:23,1992-05-28,https://i.scdn.co/image/ab67616d0000b2735c6925bf70a4960c8e124d86
,Telia,16712.0,4:37,2005-09-26,https://i.scdn.co/image/ab67616d0000b2737378ccb9d3a30519e6335e07
,Ti Mou Kanis,16689.0,3:18,1989-12-07,https://i.scdn.co/image/ab67616d0000b27359e2ae559dcda970e677d36e
,Mi Me Lipithis,16588.0,5:39,2005-09-26,https://i.scdn.co/image/ab67616d0000b2737378ccb9d3a30519e6335e07
,Dilina - Live,16347.0,1:06,1993-12-17,https://i.scdn.co/image/ab67616d0000b27312e44acc3e380f6fa9cd0446
,Psidri Vasilitzia Mou,16304.0,3:24,1995-07-20,https://i.scdn.co/image/ab67616d0000b2734d55039ddd94bdc5884066c7
,Ime I Anna,16115.0,2:47,1984-03-14,https://i.scdn.co/image/ab67616d0000b273748dabd792ec65b630b3015e
,Ela,16052.0,4:11,1984-03-14,https://i.scdn.co/image/ab67616d0000b273748dabd792ec65b630b3015e
,Vaterlo - Mixed,15970.0,0:31,2005-11-09,https://i.scdn.co/image/ab67616d0000b27358a45a966c0c09b8b5371b8d
,Sta Hronia Tis Ipomonis - Live,15964.0,2:08,1993-12-17,https://i.scdn.co/image/ab67616d0000b27312e44acc3e380f6fa9cd0446
,Tyraniemai - Alex Leon Club Mix,15816.0,5:38,2012-09-21,https://i.scdn.co/image/ab67616d0000b273ac27fc262e5cdd00e529ea9a
,Ena Sou Leo - Live,15799.0,2:60,1993-12-17,https://i.scdn.co/image/ab67616d0000b27312e44acc3e380f6fa9cd0446
,Kles Esi Ke Pono (Je Reviens Te Chercher),15709.0,2:34,2004-01-01,https://i.scdn.co/image/ab67616d0000b2730b0cc51415d4ad57f6c6c9d6
,Tesera Tzia Tesera,15660.0,5:13,1995-07-20,https://i.scdn.co/image/ab67616d0000b2734d55039ddd94bdc5884066c7
,Sti Pira,15635.0,1:40,2009-12-25,https://i.scdn.co/image/ab67616d0000b273aaeedd302f714fd041d6ce75
,M' Agapas,15634.0,2:26,2002-02-04,https://i.scdn.co/image/ab67616d0000b2730b0cc51415d4ad57f6c6c9d6
,Klaio,15606.0,3:04,2019-01-17,https://i.scdn.co/image/ab67616d0000b2738a5c3916e7aac5b71b4c72fe
,Roula Mou Maroula Mou,15555.0,3:37,1995-07-20,https://i.scdn.co/image/ab67616d0000b2734d55039ddd94bdc5884066c7
,Gia Ena Oniro Zoume,15549.0,3:42,2002-04-26,https://i.scdn.co/image/ab67616d0000b273b8576e13c95219ae8e9a0a18
,Min Stenahoriese - Remastered,15137.0,2:16,2006-03-30,https://i.scdn.co/image/ab67616d0000b273ef7a44a6675dfe98f00922c9
,Fos - Live,15043.0,2:03,1993-12-17,https://i.scdn.co/image/ab67616d0000b27312e44acc3e380f6fa9cd0446
,Perimeno Tilefonima Sou,14991.0,2:55,1991-02-07,https://i.scdn.co/image/ab67616d0000b27394e085b2ede4f62a20f60820
,"As Min Poume Tipota - From ""Oi Kampanes Tou Edelvais""",14738.0,4:14,2015-04-24,https://i.scdn.co/image/ab67616d0000b273c4c7d35d0c68408f358142fc
,Oso Eho Foni - Immaculate Club Mix,14732.0,3:22,1997-11-07,https://i.scdn.co/image/ab67616d0000b27335c3c159825c6c895d064586
,Oute Ena S' Agapo,14718.0,2:15,1975-10-01,https://i.scdn.co/image/ab67616d0000b2730b0cc51415d4ad57f6c6c9d6
,Xehnas,14697.0,3:08,1991-02-07,https://i.scdn.co/image/ab67616d0000b27394e085b2ede4f62a20f60820
,Thelo Mono Esena,14647.0,2:34,2006-04-17,https://i.scdn.co/image/ab67616d0000b2738dd233fa8f22c30a04ff74f6
,Fotia - Live,14638.0,1:49,1993-12-17,https://i.scdn.co/image/ab67616d0000b27312e44acc3e380f6fa9cd0446
,San Ke Mena Kamia - Live,14542.0,1:50,1993-12-17,https://i.scdn.co/image/ab67616d0000b27312e44acc3e380f6fa9cd0446
,Ela Na Zisoume,14468.0,3:08,2004-01-01,https://i.scdn.co/image/ab67616d0000b2730b0cc51415d4ad57f6c6c9d6
,Emis - Live,14462.0,2:46,1993-12-17,https://i.scdn.co/image/ab67616d0000b27312e44acc3e380f6fa9cd0446
,I Hadres - Live,13990.0,1:18,1993-12-17,https://i.scdn.co/image/ab67616d0000b27312e44acc3e380f6fa9cd0446
,Anthropino To Lathos Mou,13773.0,3:02,1984-03-14,https://i.scdn.co/image/ab67616d0000b273748dabd792ec65b630b3015e
,San Ta Pinasmena Peristeria,13690.0,2:38,1975-10-01,https://i.scdn.co/image/ab67616d0000b2730b0cc51415d4ad57f6c6c9d6
,Pikre Mou,13580.0,3:42,1992-12-24,https://i.scdn.co/image/ab67616d0000b273ec8882aba54284ba0cf8e1fd
,Kalitera Na Poume Antio,13478.0,2:34,1984-03-14,https://i.scdn.co/image/ab67616d0000b273748dabd792ec65b630b3015e
,Se Thelo Me Thelis - Mixed,13148.0,1:13,2005-11-09,https://i.scdn.co/image/ab67616d0000b27358a45a966c0c09b8b5371b8d
,Ime - Live,12902.0,1:57,1993-12-17,https://i.scdn.co/image/ab67616d0000b27312e44acc3e380f6fa9cd0446
,Welcome To The Party,12892.0,3:01,2006-04-27,https://i.scdn.co/image/ab67616d0000b2735f53fb746df6aa43779c809e
,I Kiklades,12812.0,3:52,1990-06-13,https://i.scdn.co/image/ab67616d0000b2730b0cc51415d4ad57f6c6c9d6
,Forgive Me This,12765.0,4:08,2000-06-13,https://i.scdn.co/image/ab67616d0000b27355c69d02a37edefde7c5a8ce
,Kati Simveni,12708.0,4:07,1985-01-10,https://i.scdn.co/image/ab67616d0000b2735f20f2f63fe64bfe775da003
,To Tragoudi Tou Gamou,12694.0,4:16,1995-07-20,https://i.scdn.co/image/ab67616d0000b2734d55039ddd94bdc5884066c7
,Se Hriazome - Live,12592.0,4:27,1993-12-17,https://i.scdn.co/image/ab67616d0000b27312e44acc3e380f6fa9cd0446
,Milise Mou,12513.0,2:53,2004-01-01,https://i.scdn.co/image/ab67616d0000b2730b0cc51415d4ad57f6c6c9d6
,To Pallikari,12499.0,3:16,1974-05-16,https://i.scdn.co/image/ab67616d0000b2730b0cc51415d4ad57f6c6c9d6
,Mono Gia Senane,12496.0,4:04,1984-03-14,https://i.scdn.co/image/ab67616d0000b273748dabd792ec65b630b3015e
,Agapisa Ton Pou Karkias,12493.0,3:46,1995-07-20,https://i.scdn.co/image/ab67616d0000b2734d55039ddd94bdc5884066c7
,Gia Sas Triadafilla,12453.0,2:51,2006-03-25,https://i.scdn.co/image/ab67616d0000b273647e75c09a70d541dd9e98d8
,Agapi Ke Misos,12417.0,4:38,1986-04-22,https://i.scdn.co/image/ab67616d0000b27365c697e7b6b91a77ace8b7b2
,Ma Den Fovame,12343.0,3:08,2004-01-01,https://i.scdn.co/image/ab67616d0000b2730b0cc51415d4ad57f6c6c9d6
,Way Out,12316.0,4:45,2000-06-13,https://i.scdn.co/image/ab67616d0000b27355c69d02a37edefde7c5a8ce
,I Was Made For Lovin' You,12100.0,3:34,2000-06-13,https://i.scdn.co/image/ab67616d0000b27355c69d02a37edefde7c5a8ce
,So In Love With Yourself,12092.0,3:32,2000-06-13,https://i.scdn.co/image/ab67616d0000b27355c69d02a37edefde7c5a8ce
,Dodeka - Live,12059.0,5:33,2021-12-23,https://i.scdn.co/image/ab67616d0000b2736c83417ea148daf1ae5f7b0a
,Min Xehnas,12013.0,4:48,2019-01-17,https://i.scdn.co/image/ab67616d0000b2738a5c3916e7aac5b71b4c72fe
,Den Me Agapas - Mixed,11880.0,1:02,2005-11-09,https://i.scdn.co/image/ab67616d0000b27358a45a966c0c09b8b5371b8d
,Mono Ena Thavma,11826.0,3:23,1991-02-07,https://i.scdn.co/image/ab67616d0000b27394e085b2ede4f62a20f60820
,I Nikimeni Imaste Emis,11822.0,3:21,2002-02-04,https://i.scdn.co/image/ab67616d0000b2730b0cc51415d4ad57f6c6c9d6
,Diki Sou,11814.0,3:48,1984-03-14,https://i.scdn.co/image/ab67616d0000b273748dabd792ec65b630b3015e
,Amore,11767.0,2:36,1989-03-24,https://i.scdn.co/image/ab67616d0000b273feb9079b2827195dbd9c7994
,Hanome,11555.0,3:08,2004-06-15,https://i.scdn.co/image/ab67616d0000b27333baa012c8f9b057a3f7d896
,Protimo Na Pethaino - Petros Karras & DJ Pico Remix,11537.0,3:17,2016-11-28,https://i.scdn.co/image/ab67616d0000b273edac026a780e59437ca4f1ea
,Aima - Extended Mix,11461.0,6:16,2022-07-25,https://i.scdn.co/image/ab67616d0000b2731c5a73fce8260da1c5f19366
,Skandali,11382.0,3:26,1988-06-23,https://i.scdn.co/image/ab67616d0000b27335ea6e4b84aab9e468c0b007
,Kathe Limani Ke Kaimos - Live,11359.0,1:27,1993-12-17,https://i.scdn.co/image/ab67616d0000b27312e44acc3e380f6fa9cd0446
,Melagholies,11319.0,4:09,1995-09-18,https://i.scdn.co/image/ab67616d0000b2739b1659f5770ea89cfad1f157
,Mono Mia Nihta,11254.0,4:25,1988-06-23,https://i.scdn.co/image/ab67616d0000b27335ea6e4b84aab9e468c0b007
,I Mousiki Tou Anemou - Instrumental,11240.0,4:32,2002-04-26,https://i.scdn.co/image/ab67616d0000b273b8576e13c95219ae8e9a0a18
,Ke Se Girevo,11186.0,3:29,1985-01-10,https://i.scdn.co/image/ab67616d0000b2735f20f2f63fe64bfe775da003
,To Allo Mou Ego,11157.0,4:21,1995-09-18,https://i.scdn.co/image/ab67616d0000b2739b1659f5770ea89cfad1f157
,M' Agapouse Pou Les,11110.0,2:29,1984-03-14,https://i.scdn.co/image/ab67616d0000b273748dabd792ec65b630b3015e
,Xanazo,11084.0,3:23,2004-01-01,https://i.scdn.co/image/ab67616d0000b2730b0cc51415d4ad57f6c6c9d6
,Na 'Tan Mia Nihta I Zoi,10869.0,2:16,1984-03-14,https://i.scdn.co/image/ab67616d0000b273748dabd792ec65b630b3015e
,O! Maria,10711.0,2:25,1980-04-01,https://i.scdn.co/image/ab67616d0000b2730b0cc51415d4ad57f6c6c9d6
,S' Agapo - Live,10668.0,3:17,1993-12-17,https://i.scdn.co/image/ab67616d0000b27312e44acc3e380f6fa9cd0446
,Oti Thes Ego - Live,10565.0,2:11,1993-12-17,https://i.scdn.co/image/ab67616d0000b27312e44acc3e380f6fa9cd0446
,Onirodemeno - Live,10393.0,0:56,1993-12-17,https://i.scdn.co/image/ab67616d0000b27312e44acc3e380f6fa9cd0446
,O Kos Nobel,10270.0,2:58,1980-04-01,https://i.scdn.co/image/ab67616d0000b2730b0cc51415d4ad57f6c6c9d6
,M' Agapouses Kapou Kapou - Remastered,10224.0,2:38,2006-03-25,https://i.scdn.co/image/ab67616d0000b273844c180f9a5b2bd52918735c
,Demones Rock Opera - Part 1,10198.0,4:43,1991-03-14,https://i.scdn.co/image/ab67616d0000b273f3d11c93e52f0c2c0116d0a4
,Pali Horizoume,10141.0,3:39,1985-01-10,https://i.scdn.co/image/ab67616d0000b2735f20f2f63fe64bfe775da003
,Tha Ekana Otidipote,9913.0,4:19,1992-05-28,https://i.scdn.co/image/ab67616d0000b2735c6925bf70a4960c8e124d86
,Sou 'Dosa Na Piis,9751.0,3:03,1993-06-01,https://i.scdn.co/image/ab67616d0000b273c176d9198d6a57350aab448a
,Kladi Rodias,9610.0,3:07,2004-01-01,https://i.scdn.co/image/ab67616d0000b2730b0cc51415d4ad57f6c6c9d6
,Voithia,9483.0,3:23,1989-12-07,https://i.scdn.co/image/ab67616d0000b27359e2ae559dcda970e677d36e
,Ki Omos Ehis Figi,9430.0,3:39,1985-01-10,https://i.scdn.co/image/ab67616d0000b2735f20f2f63fe64bfe775da003
,Se Lipame,9400.0,3:16,2006-04-17,https://i.scdn.co/image/ab67616d0000b2738dd233fa8f22c30a04ff74f6
,Prosefhi - Mixed,9284.0,1:38,2005-11-09,https://i.scdn.co/image/ab67616d0000b27358a45a966c0c09b8b5371b8d
,Girna Moro Mou,9276.0,2:59,1992-05-28,https://i.scdn.co/image/ab67616d0000b2735c6925bf70a4960c8e124d86
,Demones Rock Opera - Part 4,9235.0,18:30,1991-03-14,https://i.scdn.co/image/ab67616d0000b273f3d11c93e52f0c2c0116d0a4
,Chronia Polla - Remix,9103.0,4:07,2003-06-13,https://i.scdn.co/image/ab67616d0000b273ef61b19303f50a0f77b8fcf7
,I Can't Sleep at Night,9035.0,5:03,2019-01-17,https://i.scdn.co/image/ab67616d0000b2738a5c3916e7aac5b71b4c72fe
,As Kanoume Apopse Mia Arhi - Live,9015.0,2:20,1993-12-17,https://i.scdn.co/image/ab67616d0000b27312e44acc3e380f6fa9cd0446
,Ti Ta Thelis Lipon - Remastered,8930.0,2:37,2006-03-30,https://i.scdn.co/image/ab67616d0000b273ef7a44a6675dfe98f00922c9
,Apagorevmeno - DJ Matheos' Latin Flava Dance Mix,8873.0,7:12,2010-07-12,https://i.scdn.co/image/ab67616d0000b273185811d0c3bb7828c9aee0c1
,Zavarakatranemia - Live,8833.0,3:48,2017-04-14,https://i.scdn.co/image/ab67616d0000b273ec5c0c825f82a9140a6c3465
,Otan Tharthis,8808.0,3:53,1985-01-10,https://i.scdn.co/image/ab67616d0000b2735f20f2f63fe64bfe775da003
,Oti Ki An Pis,8785.0,4:08,1985-01-10,https://i.scdn.co/image/ab67616d0000b2735f20f2f63fe64bfe775da003
,Ta rialia - Live,8773.0,2:13,2017-04-14,https://i.scdn.co/image/ab67616d0000b273ec5c0c825f82a9140a6c3465
,Zoi Sinehizete,8641.0,3:42,1991-02-07,https://i.scdn.co/image/ab67616d0000b27394e085b2ede4f62a20f60820
,Xanagirna,8639.0,3:25,1992-12-24,https://i.scdn.co/image/ab67616d0000b273ec8882aba54284ba0cf8e1fd
,Tote Tha Figo - Remastered,8622.0,2:41,2006-03-30,https://i.scdn.co/image/ab67616d0000b273ef7a44a6675dfe98f00922c9
,File Mou - Mixed,8599.0,0:44,2005-11-09,https://i.scdn.co/image/ab67616d0000b27358a45a966c0c09b8b5371b8d
,Kapou Nihtoni - Live,8587.0,2:27,1993-12-17,https://i.scdn.co/image/ab67616d0000b27312e44acc3e380f6fa9cd0446
,Fabulous - Mixed,8581.0,1:58,2010-06-15,https://i.scdn.co/image/ab67616d0000b273b3ffc0c8b82fcc7e8be90432
,Mi,8556.0,3:42,1992-12-24,https://i.scdn.co/image/ab67616d0000b273ec8882aba54284ba0cf8e1fd
,I Diadilosi,8445.0,5:07,1995-09-18,https://i.scdn.co/image/ab67616d0000b2739b1659f5770ea89cfad1f157
,Mesa Sou,8234.0,4:21,1992-05-28,https://i.scdn.co/image/ab67616d0000b2735c6925bf70a4960c8e124d86
,Na 'Hes Kardia,8149.0,3:54,1984-03-14,https://i.scdn.co/image/ab67616d0000b273748dabd792ec65b630b3015e
,Crush,8120.0,3:48,2019-01-17,https://i.scdn.co/image/ab67616d0000b2738a5c3916e7aac5b71b4c72fe
,Pikre Mou - Live,7962.0,3:33,1993-12-17,https://i.scdn.co/image/ab67616d0000b27312e44acc3e380f6fa9cd0446
,Agapi Mou - Remastered,7893.0,2:57,2006-03-30,https://i.scdn.co/image/ab67616d0000b273ef7a44a6675dfe98f00922c9
,Demones Rock Opera - Part 2,7854.0,8:06,1991-03-14,https://i.scdn.co/image/ab67616d0000b273f3d11c93e52f0c2c0116d0a4
,Krivame Tin Agapi Mas - Live,7804.0,1:29,1993-12-17,https://i.scdn.co/image/ab67616d0000b27312e44acc3e380f6fa9cd0446
,Efta Zoes,7787.0,3:16,1995-09-18,https://i.scdn.co/image/ab67616d0000b2739b1659f5770ea89cfad1f157
,I Varka,7777.0,7:29,1995-09-18,https://i.scdn.co/image/ab67616d0000b2739b1659f5770ea89cfad1f157
,Ego De Hanomai Pote Mou,7710.0,2:44,1982-12-17,https://i.scdn.co/image/ab67616d0000b273d88d7bedbfbd881b07f3f89f
,Ti Me Rotas (That Certain Feeling) - Remastered,7584.0,2:20,2006-03-25,https://i.scdn.co/image/ab67616d0000b273844c180f9a5b2bd52918735c
,The Only Arms We Need,7572.0,3:51,2019-01-17,https://i.scdn.co/image/ab67616d0000b2738a5c3916e7aac5b71b4c72fe
,Mi Me Rotas,7536.0,3:13,1984-03-14,https://i.scdn.co/image/ab67616d0000b273748dabd792ec65b630b3015e
,Tertin Tis Kartoulas Mou,7498.0,3:19,1995-07-20,https://i.scdn.co/image/ab67616d0000b2734d55039ddd94bdc5884066c7
,San Dolofonos Maniakos,7390.0,5:10,1989-03-24,https://i.scdn.co/image/ab67616d0000b273feb9079b2827195dbd9c7994
,Ki Omos Den Telioni - Live,7229.0,4:01,2021-12-23,https://i.scdn.co/image/ab67616d0000b2736c83417ea148daf1ae5f7b0a
,Diskolos Keros - Remastered,7213.0,2:16,2006-03-30,https://i.scdn.co/image/ab67616d0000b273ef7a44a6675dfe98f00922c9
,Ligna Koritsia,7178.0,2:23,1974-02-24,https://i.scdn.co/image/ab67616d0000b2733d0f51673fc5872e523590bb
,Great Zeus,7103.0,2:24,2019-01-17,https://i.scdn.co/image/ab67616d0000b2738a5c3916e7aac5b71b4c72fe
,Alimono Alimono - Mixed,7099.0,0:48,2005-11-09,https://i.scdn.co/image/ab67616d0000b27358a45a966c0c09b8b5371b8d
,Apo 'Do Ki Apo 'Ki,7056.0,2:56,2006-03-25,https://i.scdn.co/image/ab67616d0000b273647e75c09a70d541dd9e98d8
,Apo Do Ki Apo Ki,7056.0,2:56,1993-06-01,https://i.scdn.co/image/ab67616d0000b273ad9d12a29e4c0c699380c275
,Ikosi Hronia,6932.0,4:31,1995-07-20,https://i.scdn.co/image/ab67616d0000b2734d55039ddd94bdc5884066c7
,Na I Zoi (Late At Night) - Remastered,6749.0,2:57,2006-03-25,https://i.scdn.co/image/ab67616d0000b273844c180f9a5b2bd52918735c
,Opou Ke Na Pas,6742.0,3:45,1992-12-24,https://i.scdn.co/image/ab67616d0000b273ec8882aba54284ba0cf8e1fd
,Demones Rock Opera - Part 6,6617.0,2:42,1991-03-14,https://i.scdn.co/image/ab67616d0000b273f3d11c93e52f0c2c0116d0a4
,Demones Rock Opera - Part 3,6584.0,2:42,1991-03-14,https://i.scdn.co/image/ab67616d0000b273f3d11c93e52f0c2c0116d0a4
,Kegete O Kosmos Kegete - Remastered,6506.0,2:54,2006-03-25,https://i.scdn.co/image/ab67616d0000b273844c180f9a5b2bd52918735c
,A Beautiful Night,6476.0,3:01,2006-04-27,https://i.scdn.co/image/ab67616d0000b2735f53fb746df6aa43779c809e
,Venzini - Alex Leon Dubster Mix,6389.0,3:58,2012-09-21,https://i.scdn.co/image/ab67616d0000b2738cbc9629dc99194384570a55
,Agapes,6386.0,2:53,1982-12-17,https://i.scdn.co/image/ab67616d0000b273d88d7bedbfbd881b07f3f89f
,After You,6275.0,4:57,2000-06-13,https://i.scdn.co/image/ab67616d0000b27355c69d02a37edefde7c5a8ce
,Pali,6248.0,2:39,1982-12-17,https://i.scdn.co/image/ab67616d0000b273d88d7bedbfbd881b07f3f89f
,O! Erota,6203.0,3:41,2002-04-26,https://i.scdn.co/image/ab67616d0000b273b8576e13c95219ae8e9a0a18
,I Agapi Sou Sholio,6042.0,2:18,2002-02-04,https://i.scdn.co/image/ab67616d0000b2730cfcb94cb3474d3c51f3579a
,Gia Ena Lepto - DJ Matheos's Sunshine Remix,6034.0,5:30,2010-07-12,https://i.scdn.co/image/ab67616d0000b273185811d0c3bb7828c9aee0c1
,Mia Mikri Psihoula,6029.0,3:06,2006-03-25,https://i.scdn.co/image/ab67616d0000b273647e75c09a70d541dd9e98d8
,Mia Mikri Psihoula,6026.0,3:06,1980-04-01,https://i.scdn.co/image/ab67616d0000b273e8d377f49f51cfaf01a7a613
,Demones Rock Opera - Part 17,5983.0,3:00,1991-03-14,https://i.scdn.co/image/ab67616d0000b273f3d11c93e52f0c2c0116d0a4
,Fraou Smit,5894.0,1:05,2002-04-26,https://i.scdn.co/image/ab67616d0000b273b8576e13c95219ae8e9a0a18
,An Toulahiston - Remastered,5862.0,2:50,2006-03-30,https://i.scdn.co/image/ab67616d0000b273ef7a44a6675dfe98f00922c9
,Ke Si Milas - Remastered,5814.0,2:22,2006-03-30,https://i.scdn.co/image/ab67616d0000b273ef7a44a6675dfe98f00922c9
,To Palio T' Aeroplano,5754.0,2:57,1980-04-01,https://i.scdn.co/image/ab67616d0000b273e8d377f49f51cfaf01a7a613
,Fones,5736.0,3:30,2002-04-26,https://i.scdn.co/image/ab67616d0000b273b8576e13c95219ae8e9a0a18
,Savvatiatika,5622.0,2:42,2006-03-25,https://i.scdn.co/image/ab67616d0000b273647e75c09a70d541dd9e98d8
,Ah Den M' Agapas,5599.0,3:12,1982-12-17,https://i.scdn.co/image/ab67616d0000b273d88d7bedbfbd881b07f3f89f
,Thelo,5589.0,2:35,2006-03-25,https://i.scdn.co/image/ab67616d0000b273647e75c09a70d541dd9e98d8
,Prasini Mera,5520.0,2:15,1974-02-24,https://i.scdn.co/image/ab67616d0000b2733d0f51673fc5872e523590bb
,Ohi,5443.0,4:30,1989-03-24,https://i.scdn.co/image/ab67616d0000b273feb9079b2827195dbd9c7994
,Nikisame,5428.0,3:42,2006-03-25,https://i.scdn.co/image/ab67616d0000b273647e75c09a70d541dd9e98d8
,Demones Rock Opera - Part 20,5419.0,7:33,1991-03-14,https://i.scdn.co/image/ab67616d0000b273f3d11c93e52f0c2c0116d0a4
,Ftene,5382.0,5:01,1992-12-24,https://i.scdn.co/image/ab67616d0000b273ec8882aba54284ba0cf8e1fd
,Palio Periodiko,5348.0,5:54,1995-09-18,https://i.scdn.co/image/ab67616d0000b2739b1659f5770ea89cfad1f157
,Doulia Doulia,5327.0,1:34,2002-04-26,https://i.scdn.co/image/ab67616d0000b273b8576e13c95219ae8e9a0a18
,Demones Rock Opera - Part 21,5165.0,3:46,1991-03-14,https://i.scdn.co/image/ab67616d0000b273f3d11c93e52f0c2c0116d0a4
,San Balaki Tou Tenis,5079.0,3:06,1989-03-24,https://i.scdn.co/image/ab67616d0000b273feb9079b2827195dbd9c7994
,Ola Tha Allaxoun,5063.0,2:27,2002-04-26,https://i.scdn.co/image/ab67616d0000b273b8576e13c95219ae8e9a0a18
,No More The Fool,5050.0,4:39,2000-06-13,https://i.scdn.co/image/ab67616d0000b27355c69d02a37edefde7c5a8ce
,Ilie Mou,4874.0,2:15,2006-03-25,https://i.scdn.co/image/ab67616d0000b273647e75c09a70d541dd9e98d8
,As Ixera,4874.0,3:24,1982-12-17,https://i.scdn.co/image/ab67616d0000b273d88d7bedbfbd881b07f3f89f
,Demones Rock Opera - Part 5,4814.0,1:09,1991-03-14,https://i.scdn.co/image/ab67616d0000b273f3d11c93e52f0c2c0116d0a4
,Demones Rock Opera - Part 15,4786.0,2:51,1991-03-14,https://i.scdn.co/image/ab67616d0000b273f3d11c93e52f0c2c0116d0a4
,Berde kai berde - Live,4742.0,2:47,2017-04-14,https://i.scdn.co/image/ab67616d0000b273ec5c0c825f82a9140a6c3465
,Adikos O Horismos Mas,4739.0,3:13,1982-12-17,https://i.scdn.co/image/ab67616d0000b273d88d7bedbfbd881b07f3f89f
,Etos Pediou - Remastered,4645.0,3:22,2006-03-30,https://i.scdn.co/image/ab67616d0000b273ef7a44a6675dfe98f00922c9
,Demones Rock Opera - Part 10,4642.0,5:18,1991-03-14,https://i.scdn.co/image/ab67616d0000b273f3d11c93e52f0c2c0116d0a4
,Demones Rock Opera - Part 8,4636.0,1:27,1991-03-14,https://i.scdn.co/image/ab67616d0000b273f3d11c93e52f0c2c0116d0a4
,Demones Rock Opera - Part 9,4601.0,7:13,1991-03-14,https://i.scdn.co/image/ab67616d0000b273f3d11c93e52f0c2c0116d0a4
,To Tali Bo,4557.0,3:29,2006-03-25,https://i.scdn.co/image/ab67616d0000b273647e75c09a70d541dd9e98d8
,Entek,4549.0,6:08,2002-04-26,https://i.scdn.co/image/ab67616d0000b273b8576e13c95219ae8e9a0a18
,Demones Rock Opera - Part 7,4509.0,2:36,1991-03-14,https://i.scdn.co/image/ab67616d0000b273f3d11c93e52f0c2c0116d0a4
,Argisame Poli,4480.0,3:04,1982-12-17,https://i.scdn.co/image/ab67616d0000b273d88d7bedbfbd881b07f3f89f
,Tilirkiotisa - Live,4429.0,2:31,2017-04-14,https://i.scdn.co/image/ab67616d0000b273ec5c0c825f82a9140a6c3465
,Oso Esi,4364.0,3:58,1982-12-17,https://i.scdn.co/image/ab67616d0000b273d88d7bedbfbd881b07f3f89f
,Everything - Karaoke Version,4324.0,2:60,2006-04-27,https://i.scdn.co/image/ab67616d0000b2735f53fb746df6aa43779c809e
,Demones Rock Opera - Part 18,4285.0,5:04,1991-03-14,https://i.scdn.co/image/ab67616d0000b273f3d11c93e52f0c2c0116d0a4
,Xana Mana - Live,4273.0,4:57,2021-12-23,https://i.scdn.co/image/ab67616d0000b2736c83417ea148daf1ae5f7b0a
,Den Thelo Na Se Vlepo Sihna,4265.0,3:21,1989-03-24,https://i.scdn.co/image/ab67616d0000b273feb9079b2827195dbd9c7994
,I 9 Stous 10 Horizoune,4181.0,3:39,1989-03-24,https://i.scdn.co/image/ab67616d0000b273feb9079b2827195dbd9c7994
,Mala Theme - Instrumental,4179.0,2:49,2002-04-26,https://i.scdn.co/image/ab67616d0000b273b8576e13c95219ae8e9a0a18
,Demones Rock Opera - Part 11,4164.0,3:54,1991-03-14,https://i.scdn.co/image/ab67616d0000b273f3d11c93e52f0c2c0116d0a4
,Par' To Aeroplano,4163.0,2:27,1982-12-17,https://i.scdn.co/image/ab67616d0000b273d88d7bedbfbd881b07f3f89f
,Ego Ime Ego,4076.0,2:09,2007-09-18,https://i.scdn.co/image/ab67616d0000b2739e31a8347d2213ec7f37a4bb
,Xana Mana,3936.0,2:29,2019-09-01,https://i.scdn.co/image/ab67616d0000b2730f4e0734ebe1dfd3e693a83b
,Thelo Mia Agapi - Matheo's Deep South Beat Remix,3923.0,6:01,2010-07-12,https://i.scdn.co/image/ab67616d0000b273185811d0c3bb7828c9aee0c1
,Tora,3890.0,2:57,1982-12-17,https://i.scdn.co/image/ab67616d0000b273d88d7bedbfbd881b07f3f89f
,X - Soumka Mix,3748.0,5:00,2003-06-13,https://i.scdn.co/image/ab67616d0000b273ef61b19303f50a0f77b8fcf7
,Tasis Aftoktonias - The Bombay Mix,3537.0,5:12,2003-06-13,https://i.scdn.co/image/ab67616d0000b273ef61b19303f50a0f77b8fcf7
,Ime Eleftheri,3504.0,2:43,2002-04-26,https://i.scdn.co/image/ab67616d0000b273b8576e13c95219ae8e9a0a18
,Itan Psemata,3449.0,4:13,1993-06-01,https://i.scdn.co/image/ab67616d0000b273ad9d12a29e4c0c699380c275
,Demones Rock Opera - Part 19,3435.0,2:20,1991-03-14,https://i.scdn.co/image/ab67616d0000b273f3d11c93e52f0c2c0116d0a4
,Se Zilevo - Galleon Electro-Pop Remix (Radio Edit),3283.0,3:41,2003-06-13,https://i.scdn.co/image/ab67616d0000b273ef61b19303f50a0f77b8fcf7
,Akomi Ena Vradi Edo,3251.0,3:43,2002-04-26,https://i.scdn.co/image/ab67616d0000b273b8576e13c95219ae8e9a0a18
,Meta Apo Sena Esi,3248.0,3:49,2019-09-01,https://i.scdn.co/image/ab67616d0000b2730f4e0734ebe1dfd3e693a83b
,Demones Rock Opera - Part 13,3100.0,6:49,1991-03-14,https://i.scdn.co/image/ab67616d0000b273f3d11c93e52f0c2c0116d0a4
,Demones Rock Opera - Part 14,3079.0,3:45,1991-03-14,https://i.scdn.co/image/ab67616d0000b273f3d11c93e52f0c2c0116d0a4
,Demones Rock Opera - Part 12,3001.0,3:42,1991-03-14,https://i.scdn.co/image/ab67616d0000b273f3d11c93e52f0c2c0116d0a4
,Everything - David Thoener Mix,2961.0,2:60,2006-03-31,https://i.scdn.co/image/ab67616d0000b27347ca2f1fe13364213916def1
,Kitrino Astro,2948.0,2:21,2002-04-26,https://i.scdn.co/image/ab67616d0000b273b8576e13c95219ae8e9a0a18
,Sta hronia tis ipomonis - Live,2811.0,1:50,2017-04-14,https://i.scdn.co/image/ab67616d0000b273ec5c0c825f82a9140a6c3465
,Den Fovame,2811.0,1:60,2002-04-26,https://i.scdn.co/image/ab67616d0000b273b8576e13c95219ae8e9a0a18
,Ti Ta Thelis Lipon,2810.0,2:37,1993-06-01,https://i.scdn.co/image/ab67616d0000b273ad9d12a29e4c0c699380c275
,O karagiozis - Live,2777.0,2:44,2017-04-14,https://i.scdn.co/image/ab67616d0000b273ec5c0c825f82a9140a6c3465
,Mala Theme - Piano,2742.0,3:06,2002-04-26,https://i.scdn.co/image/ab67616d0000b273b8576e13c95219ae8e9a0a18
,Ki Omos Ki Omos,2517.0,2:38,1974-05-16,https://i.scdn.co/image/ab67616d0000b27317d178eaeaeee03e8c292e4c
,Gennissi,2463.0,2:40,2002-04-26,https://i.scdn.co/image/ab67616d0000b273b8576e13c95219ae8e9a0a18
,Mera Beni Mera Vgeni,2369.0,2:05,2002-04-26,https://i.scdn.co/image/ab67616d0000b273b8576e13c95219ae8e9a0a18
,Tou Theou I Dialegmeni,2342.0,4:02,2002-04-26,https://i.scdn.co/image/ab67616d0000b273b8576e13c95219ae8e9a0a18
,Fexe Hlomo Feggari Mou,2336.0,3:03,1975-12-23,https://i.scdn.co/image/ab67616d0000b273532437c6dfab5a8737033686
,Thema Tis Vaftissis,2261.0,2:31,2002-04-26,https://i.scdn.co/image/ab67616d0000b273b8576e13c95219ae8e9a0a18
,Stagona-Stagona,2103.0,2:42,2002-04-26,https://i.scdn.co/image/ab67616d0000b273b8576e13c95219ae8e9a0a18
,Monologos Boger,2065.0,4:24,2002-04-26,https://i.scdn.co/image/ab67616d0000b273b8576e13c95219ae8e9a0a18
,Horis Esena Ego Den Kano,1922.0,2:58,1993-06-01,https://i.scdn.co/image/ab67616d0000b273ad9d12a29e4c0c699380c275
,Ta Vivlia Agapo,1918.0,2:35,2002-04-26,https://i.scdn.co/image/ab67616d0000b273b8576e13c95219ae8e9a0a18
,Afixi Sto Aousvits - Instrumental,1879.0,1:42,2002-04-26,https://i.scdn.co/image/ab67616d0000b273b8576e13c95219ae8e9a0a18
,Htes T' Apogevma Sto Aahen,1878.0,2:52,2005-03-31,https://i.scdn.co/image/ab67616d0000b2733a2169fb0e321e09305924f8
,Min Kles Froilain,1797.0,1:48,2002-04-26,https://i.scdn.co/image/ab67616d0000b273b8576e13c95219ae8e9a0a18
,Ena Dasos Klares,1741.0,2:34,2005-03-31,https://i.scdn.co/image/ab67616d0000b2733a2169fb0e321e09305924f8
,Tote Tha Figo,1702.0,2:40,1993-06-01,https://i.scdn.co/image/ab67616d0000b273ad9d12a29e4c0c699380c275
,Imnos,1687.0,2:06,2002-04-26,https://i.scdn.co/image/ab67616d0000b273b8576e13c95219ae8e9a0a18
,I Don't Want You to Know,1579.0,5:20,2010-09-22,https://i.scdn.co/image/ab67616d0000b2732288ae20c454396905ab27bf
,Sto Kafenion Ellinikon,1357.0,1:56,2005-03-31,https://i.scdn.co/image/ab67616d0000b2733a2169fb0e321e09305924f8
,Hit Mix,1152.0,19:45,2002-12-03,https://i.scdn.co/image/ab67616d0000b273983bb02a5e22fe2d313e3223
,Aftos Pou Perimeno - Live Version,1008.0,0:29,1984-03-14,https://i.scdn.co/image/ab67616d0000b2731f1ac446c500bab767932f58
